{"type":"FeatureCollection","features":[{"type":"Feature","properties":{"name":"北京市","adcode":110000,"center":[116.405285,39.904989],"centroid":[116.41995,40.18994],"level":"province"},"geometry":{"type":"MultiPolygon","coordinates":[[[[117.348611,40.581141],[117.429915,40.576141],[117.493973,40.675161],[116.964881,40.709647],[116.713577,40.909858],[116.647672,41.059394],[116.598397,40.974503],[116.455499,40.980828],[116.477057,40.899907],[116.339702,40.929303],[116.453651,40.765876],[116.247311,40.791707],[116.162928,40.662451],[115.755176,40.540221],[115.771806,40.443734],[115.968907,40.264045],[115.847567,40.147036],[115.773654,40.176307],[115.454597,40.029825],[115.426264,39.950502],[115.567314,39.816407],[115.443511,39.785601],[115.478619,39.650723],[115.518039,39.597252],[115.667712,39.615234],[115.806299,39.510041],[115.910393,39.600479],[116.198652,39.589412],[116.257782,39.500344],[116.434557,39.442597],[116.401912,39.528046],[116.524484,39.596329],[116.79057,39.595868],[116.949482,39.778703],[116.78441,39.891294],[116.781331,40.034866],[117.025243,40.030283],[117.349227,40.136513],[117.389879,40.227958],[117.226039,40.368997],[117.263611,40.442367],[117.208793,40.501552],[117.348611,40.581141]]]]}},{"type":"Feature","properties":{"name":"天津市","adcode":120000,"center":[117.190182,39.125596],"centroid":[117.347043,39.288036],"level":"province"},"geometry":{"type":"MultiPolygon","coordinates":[[[[117.765602,39.400527],[117.871543,39.411625],[117.933753,39.574191],[117.766834,39.598635],[117.715711,39.529892],[117.654117,39.575113],[117.668899,39.666849],[117.57774,39.726711],[117.508139,39.901854],[117.546327,39.999116],[117.781616,39.966558],[117.776073,40.059605],[117.675059,40.082045],[117.548791,40.232527],[117.415748,40.248973],[117.349227,40.136513],[117.192162,40.066475],[117.162597,39.876598],[117.251908,39.834332],[117.156438,39.817326],[117.205713,39.763984],[117.177996,39.645194],[116.964265,39.64335],[116.932236,39.706456],[116.812128,39.615695],[116.785026,39.465702],[116.876185,39.43474],[116.818287,39.3737],[116.889736,39.338068],[116.855859,39.215766],[116.912526,39.110898],[116.754229,39.034701],[116.708034,38.931892],[116.746222,38.754299],[116.858939,38.741231],[116.877417,38.680522],[117.068358,38.680522],[117.109626,38.584685],[117.213104,38.639866],[117.25314,38.556143],[117.729261,38.680055],[117.740964,38.753833],[117.64611,38.828933],[117.847522,38.855502],[117.898029,38.948649],[117.837667,39.057011],[117.871543,39.122506],[118.064948,39.231065],[117.805022,39.373237],[117.536472,39.338068],[117.601146,39.419485],[117.765602,39.400527]]],[[[117.805022,39.373237],[117.846906,39.407926],[117.765602,39.400527],[117.805022,39.373237]]]]}},{"type":"Feature","properties":{"name":"河北省","adcode":130000,"center":[114.502461,38.045474],"level":"province"},"geometry":{"type":"MultiPolygon","coordinates":[[[[117.467487,40.649738],[117.429915,40.576141],[117.208793,40.501552],[117.263611,40.442367],[117.226039,40.368997],[117.351075,40.229786],[117.548791,40.232527],[117.675059,40.082045],[117.776073,40.059605],[117.781616,39.966558],[117.546327,39.999116],[117.514914,39.946832],[117.546327,39.775943],[117.668899,39.666849],[117.637486,39.603246],[117.715711,39.529892],[117.766834,39.598635],[117.933753,39.574191],[117.810565,39.354729],[118.024296,39.289451],[118.026144,39.201854],[118.12531,39.182838],[118.225092,39.034701],[118.366143,39.016104],[118.491178,38.909077],[118.604511,38.971452],[118.533062,39.090928],[118.578642,39.130863],[118.951285,39.178662],[118.926031,39.123435],[119.272805,39.363521],[119.366428,39.734996],[119.536427,39.809052],[119.540739,39.888079],[119.872114,39.960594],[119.736608,40.104936],[119.745847,40.207851],[119.639289,40.231613],[119.559217,40.547952],[119.256175,40.543404],[119.14469,40.632482],[119.184726,40.680153],[119.054763,40.664721],[118.845959,40.822057],[118.90201,40.960946],[119.00056,40.967273],[118.937118,41.052625],[119.080632,41.095936],[119.239545,41.31431],[118.890923,41.300823],[118.843496,41.374516],[118.741866,41.324198],[118.348896,41.342622],[118.348896,41.428384],[118.271904,41.471446],[118.302701,41.55256],[118.132702,41.733241],[118.178281,41.814917],[118.29223,41.772976],[118.335346,41.845241],[118.268824,41.930336],[118.313788,41.98819],[118.239875,42.024655],[118.296541,42.057545],[118.239259,42.092639],[118.116687,42.037102],[118.155491,42.081091],[118.106216,42.172082],[117.977485,42.229716],[118.060021,42.298364],[118.024296,42.385064],[117.801326,42.612744],[117.475494,42.602613],[117.390495,42.461933],[117.09546,42.484004],[116.921765,42.403628],[116.903287,42.190708],[116.789338,42.200462],[116.890352,42.092639],[116.796113,41.977958],[116.553433,41.928555],[116.310137,41.997086],[116.194341,41.861734],[116.122892,41.861734],[116.09887,41.776547],[116.007095,41.79752],[115.916552,41.945027],[115.834632,41.93835],[115.346808,41.712247],[115.377605,41.603148],[114.860832,41.60091],[114.868839,41.813579],[114.939056,41.846132],[114.79431,42.149457],[114.510978,42.110844],[114.467863,42.025989],[114.511594,41.981962],[114.352066,41.953484],[114.200545,41.789934],[114.259059,41.623282],[114.230726,41.513584],[113.933227,41.487139],[113.871017,41.413126],[113.94493,41.392477],[113.899351,41.316108],[114.016379,41.231999],[113.819279,41.09774],[114.057647,40.925234],[114.044712,40.830661],[114.283081,40.590685],[114.31203,40.372645],[114.530688,40.345283],[114.46971,40.268155],[114.097683,40.193681],[114.086596,40.071513],[113.989278,40.11226],[113.910438,40.015618],[114.029314,39.985819],[114.047176,39.916085],[114.212248,39.918839],[114.215943,39.8619],[114.395182,39.867412],[114.408117,39.652106],[114.568877,39.573729],[114.430906,39.307513],[114.416124,39.242654],[114.47587,39.21623],[114.345907,39.075133],[114.10877,39.052364],[114.050872,39.135969],[113.898119,39.067699],[113.76754,38.959819],[113.839605,38.7585],[113.612939,38.645942],[113.561816,38.558483],[113.54457,38.270569],[113.831597,38.16854],[113.872249,37.990471],[114.044712,37.761834],[113.993589,37.706932],[114.139567,37.675676],[113.886416,37.239095],[113.773083,37.151855],[113.773083,36.85506],[113.696707,36.882351],[113.680692,36.789907],[113.465113,36.707908],[113.588917,36.547974],[113.587069,36.460904],[113.813119,36.332285],[113.962792,36.353977],[114.170364,36.245938],[114.345291,36.255591],[114.588587,36.118414],[114.912571,36.140649],[114.914419,36.052155],[115.201446,36.210214],[115.365902,36.099074],[115.483547,36.148865],[115.474923,36.248352],[115.366518,36.30914],[115.272895,36.497476],[115.479851,36.760187],[115.683727,36.808117],[115.969523,37.239572],[115.975682,37.337179],[116.236224,37.361442],[116.2855,37.404241],[116.224522,37.479791],[116.27626,37.466967],[116.336007,37.581355],[116.433941,37.473142],[116.804736,37.848837],[117.438538,37.854035],[117.586979,38.071551],[117.771145,38.134655],[117.957775,38.376208],[117.781,38.373862],[117.644878,38.52759],[117.68553,38.539293],[117.639334,38.626776],[117.25314,38.556143],[117.213104,38.639866],[117.109626,38.584685],[117.068358,38.680522],[116.877417,38.680522],[116.858939,38.741231],[116.746222,38.754299],[116.708034,38.931892],[116.754229,39.034701],[116.912526,39.110898],[116.855859,39.215766],[116.889736,39.338068],[116.818287,39.3737],[116.876185,39.43474],[116.785026,39.465702],[116.812128,39.615695],[116.524484,39.596329],[116.401912,39.528046],[116.434557,39.442597],[116.257782,39.500344],[116.198652,39.589412],[115.910393,39.600479],[115.752712,39.515581],[115.667712,39.615234],[115.518039,39.597252],[115.439815,39.752022],[115.567314,39.816407],[115.426264,39.950502],[115.454597,40.029825],[115.773654,40.176307],[115.847567,40.147036],[115.968907,40.264045],[115.771806,40.443734],[115.755176,40.540221],[116.162928,40.662451],[116.247311,40.791707],[116.453651,40.765876],[116.339702,40.929303],[116.477057,40.899907],[116.455499,40.980828],[116.598397,40.974503],[116.615643,41.053076],[116.688324,41.044501],[116.713577,40.909858],[116.964881,40.709647],[117.467487,40.649738]]],[[[117.210024,40.082045],[116.781331,40.034866],[116.78441,39.891294],[116.949482,39.778703],[116.889736,39.687576],[117.177996,39.645194],[117.205713,39.763984],[117.156438,39.817326],[117.251908,39.834332],[117.150894,39.944996],[117.210024,40.082045]]],[[[117.784696,39.376938],[117.601146,39.419485],[117.521074,39.357043],[117.669515,39.322792],[117.784696,39.376938]]]]}},{"type":"Feature","properties":{"name":"山西省","adcode":140000,"center":[112.549248,37.857014],"centroid":[112.304436,37.618179],"level":"province"},"geometry":{"type":"MultiPolygon","coordinates":[[[[110.379257,34.600612],[110.824582,34.615881],[110.920052,34.730068],[110.976103,34.706456],[111.148566,34.807742],[111.570484,34.843114],[111.664107,34.984449],[111.810084,35.062374],[112.062004,35.056005],[112.058924,35.280069],[112.288053,35.219956],[112.628052,35.263457],[112.772798,35.207732],[112.992072,35.29619],[112.996384,35.362104],[113.126347,35.332327],[113.189789,35.44893],[113.304353,35.426989],[113.31236,35.481101],[113.49899,35.532254],[113.547649,35.656835],[113.625258,35.632518],[113.582758,35.818111],[113.660982,35.837035],[113.655439,36.125182],[113.712721,36.129533],[113.651127,36.174473],[113.697939,36.181719],[113.731199,36.363135],[113.554425,36.494589],[113.588917,36.547974],[113.465113,36.707908],[113.680692,36.789907],[113.696707,36.882351],[113.773083,36.85506],[113.773083,37.151855],[113.886416,37.239095],[114.139567,37.675676],[113.993589,37.706932],[114.044712,37.761834],[113.872249,37.990471],[113.831597,38.16854],[113.54457,38.270569],[113.561816,38.558483],[113.612939,38.645942],[113.839605,38.7585],[113.76754,38.959819],[113.898119,39.067699],[114.050872,39.135969],[114.10877,39.052364],[114.345907,39.075133],[114.47587,39.21623],[114.416124,39.242654],[114.430906,39.307513],[114.568877,39.573729],[114.408117,39.652106],[114.395182,39.867412],[114.215943,39.8619],[114.212248,39.918839],[114.047176,39.916085],[114.029314,39.985819],[113.910438,40.015618],[113.989278,40.11226],[114.086596,40.071513],[114.097683,40.193681],[114.46971,40.268155],[114.530688,40.345283],[114.31203,40.372645],[114.283081,40.590685],[114.134639,40.737314],[114.063806,40.706925],[114.061959,40.52885],[113.850691,40.460583],[113.794641,40.517932],[113.559968,40.348476],[113.316672,40.319736],[113.251382,40.413211],[113.03334,40.368997],[112.898449,40.329317],[112.848558,40.206937],[112.744464,40.167161],[112.456205,40.300112],[112.310227,40.256281],[111.970229,39.796638],[111.9382,39.623071],[111.783599,39.58895],[111.497187,39.661781],[111.358601,39.432428],[111.143022,39.407926],[111.125776,39.366297],[111.247732,39.302419],[111.138095,39.064447],[110.980414,38.970056],[111.009363,38.847579],[110.880632,38.626776],[110.920052,38.581878],[110.874473,38.453579],[110.77777,38.440924],[110.509221,38.192061],[110.522771,37.955088],[110.735886,37.77035],[110.706321,37.705511],[110.775306,37.680886],[110.795017,37.558586],[110.740198,37.44939],[110.644111,37.435135],[110.690307,37.287201],[110.382953,37.022001],[110.447011,36.737649],[110.394656,36.676716],[110.496902,36.582102],[110.447011,36.164328],[110.609619,35.632031],[110.230816,34.880925],[110.229584,34.692679],[110.379257,34.600612]]]]}},{"type":"Feature","properties":{"name":"内蒙古自治区","adcode":150000,"center":[111.670801,40.818311],"centroid":[114.077429,44.331087],"level":"province"},"geometry":{"type":"Polygon","coordinates":[[[97.172903,42.795257],[97.84674,41.656379],[97.629314,41.440498],[97.971776,41.09774],[98.333332,40.918903],[98.344419,40.568413],[98.627751,40.677884],[98.569853,40.746836],[98.668403,40.773128],[98.802678,40.607043],[98.790975,40.705564],[98.984996,40.782644],[99.102025,40.676522],[99.174705,40.858278],[99.565827,40.846961],[99.673,40.93292],[100.107853,40.875475],[100.237201,40.716905],[100.242744,40.618855],[100.169447,40.541131],[100.169447,40.277743],[100.007455,40.20008],[99.841152,40.013326],[99.440791,39.885783],[99.822058,39.860063],[100.250135,39.685274],[100.326512,39.509118],[100.500823,39.481408],[100.498975,39.400527],[100.842053,39.405614],[100.835278,39.025869],[100.961545,39.005874],[100.969553,38.946788],[101.228863,39.020754],[101.198682,38.943064],[101.24303,38.860628],[101.33542,38.847113],[101.331109,38.777164],[101.601506,38.65529],[101.777049,38.66043],[102.075164,38.891378],[101.833715,39.08907],[101.902701,39.111827],[102.45335,39.255167],[103.007696,39.099753],[103.344615,39.331588],[103.85338,39.461543],[104.089901,39.419947],[104.047401,39.297788],[104.171205,39.160567],[104.196459,38.9882],[104.044322,38.895105],[103.85954,38.64454],[103.416063,38.404821],[103.53494,38.156776],[103.362477,38.037621],[103.40744,37.860651],[103.683381,37.777919],[104.183524,37.406618],[104.433595,37.515402],[105.027977,37.580881],[105.315004,37.702197],[105.598952,37.699356],[105.622358,37.777919],[105.760944,37.799674],[105.840401,38.004147],[105.76772,38.121474],[105.86627,38.296406],[105.821307,38.366824],[105.852719,38.641735],[105.992538,38.857366],[105.97098,38.909077],[106.145907,39.153142],[106.285109,39.146181],[106.280181,39.262118],[106.511774,39.272311],[106.602318,39.37555],[106.781556,39.371849],[106.795723,39.214375],[106.971881,39.026333],[106.954019,38.941202],[106.709491,38.718821],[106.599854,38.389812],[106.482209,38.319417],[106.942316,38.132302],[107.19054,38.153953],[107.440611,37.995659],[107.411662,37.948009],[107.982022,37.787378],[108.025137,37.649619],[108.777815,37.683728],[108.797525,38.04799],[108.93488,37.922521],[109.06977,38.023008],[108.938575,38.207582],[109.054372,38.433892],[109.276726,38.623035],[109.367269,38.627711],[109.338936,38.701542],[109.624116,38.85457],[109.762086,39.057476],[109.92223,39.107183],[109.961035,39.191651],[109.871723,39.243581],[109.90252,39.271848],[109.962267,39.212056],[110.217881,39.281113],[110.152592,39.45415],[110.385417,39.310291],[110.524003,39.382952],[110.626249,39.266751],[110.702626,39.273701],[110.891103,39.509118],[111.136863,39.587106],[111.058639,39.447681],[111.087588,39.376013],[111.337043,39.420872],[111.497187,39.661781],[111.783599,39.58895],[111.9382,39.623071],[111.970229,39.796638],[112.310227,40.256281],[112.456205,40.300112],[112.744464,40.167161],[112.848558,40.206937],[112.898449,40.329317],[113.03334,40.368997],[113.251382,40.413211],[113.316672,40.319736],[113.500222,40.334335],[113.794641,40.517932],[113.850691,40.460583],[114.061959,40.52885],[114.063806,40.706925],[114.134639,40.737314],[114.044712,40.830661],[114.057647,40.925234],[113.819279,41.09774],[114.016379,41.231999],[113.899351,41.316108],[113.94493,41.392477],[113.871017,41.413126],[114.032394,41.529715],[114.230726,41.513584],[114.259059,41.623282],[114.200545,41.789934],[114.352066,41.953484],[114.511594,41.981962],[114.480181,42.064654],[114.560254,42.132595],[114.79431,42.149457],[114.86268,42.097967],[114.939056,41.846132],[114.868839,41.813579],[114.860832,41.60091],[115.0992,41.62373],[115.20391,41.571367],[115.377605,41.603148],[115.346808,41.712247],[115.834632,41.93835],[115.916552,41.945027],[116.007095,41.79752],[116.09887,41.776547],[116.122892,41.861734],[116.194341,41.861734],[116.310137,41.997086],[116.553433,41.928555],[116.796113,41.977958],[116.890352,42.092639],[116.789338,42.200462],[116.903287,42.190708],[116.921765,42.403628],[117.09546,42.484004],[117.390495,42.461933],[117.475494,42.602613],[117.779768,42.61847],[118.024296,42.385064],[118.060021,42.298364],[117.977485,42.229716],[118.106216,42.172082],[118.155491,42.081091],[118.116687,42.037102],[118.239259,42.092639],[118.296541,42.057545],[118.239875,42.024655],[118.313788,41.98819],[118.268824,41.930336],[118.335346,41.845241],[118.29223,41.772976],[118.178281,41.814917],[118.132702,41.733241],[118.302701,41.55256],[118.271904,41.471446],[118.380309,41.312062],[118.843496,41.374516],[118.890923,41.300823],[119.197661,41.282837],[119.376283,41.422102],[119.362116,41.566442],[119.420015,41.567785],[119.307914,41.657273],[119.292515,41.790827],[119.384906,42.08953],[119.237697,42.200905],[119.502551,42.388159],[119.617115,42.252755],[119.841933,42.215534],[119.845629,42.097079],[120.041498,41.818932],[120.035954,41.708226],[120.096316,41.697056],[120.271859,41.925439],[120.456641,42.016208],[120.466496,42.105516],[120.883487,42.269585],[121.070732,42.254083],[121.386093,42.474294],[121.607831,42.516214],[121.69899,42.438529],[121.889931,42.556784],[121.939207,42.688453],[122.204676,42.685374],[122.204676,42.732867],[122.396234,42.684054],[122.460907,42.755282],[122.35127,42.830378],[122.436886,42.843105],[122.848949,42.712203],[122.887137,42.770221],[123.227752,42.831695],[123.169853,42.859777],[123.259165,42.993431],[123.474743,43.042438],[123.572678,43.003498],[123.703873,43.37047],[123.486446,43.44525],[123.419925,43.410046],[123.315831,43.492159],[123.304744,43.550742],[123.452569,43.545971],[123.421157,43.598435],[123.536953,43.633964],[123.467968,43.853599],[123.331229,44.028984],[123.386664,44.161794],[123.128585,44.367081],[123.12489,44.5098],[122.675254,44.285738],[122.271198,44.255741],[122.28598,44.477783],[122.13138,44.577619],[122.103046,44.67388],[122.161561,44.728328],[122.10243,44.736406],[122.168952,44.770405],[122.099967,44.7823],[122.04946,44.912985],[122.109822,45.142236],[122.22993,45.206784],[122.239169,45.276313],[122.147394,45.295682],[122.168336,45.439897],[122.002648,45.507882],[121.970004,45.692956],[121.644172,45.752284],[121.817251,45.875336],[121.761816,45.998947],[121.843736,46.024301],[122.253952,45.7982],[122.372828,45.856166],[122.362357,45.917403],[122.446125,45.916986],[122.504639,45.786933],[122.556378,45.82156],[122.671558,45.70048],[122.741775,45.705077],[122.792283,45.766063],[122.752246,45.834905],[122.828623,45.912406],[122.792898,46.073313],[123.04605,46.099878],[123.178476,46.248239],[123.011557,46.434984],[123.002318,46.574624],[123.603475,46.68928],[123.605322,46.891286],[123.506772,46.827038],[123.52833,46.944836],[123.301664,46.999965],[123.404526,46.935438],[123.374345,46.837683],[123.221592,46.850373],[123.163694,46.74016],[123.00355,46.730726],[122.906847,46.80738],[122.895144,46.960359],[122.77442,46.973837],[122.852645,47.072158],[122.615508,47.124306],[122.418407,47.350632],[122.59395,47.54732],[123.161846,47.781892],[123.300432,47.953723],[123.579453,48.045427],[124.25945,48.536385],[124.314269,48.503881],[124.317964,48.35099],[124.475029,48.173698],[124.415899,48.08782],[124.529847,48.146951],[124.579738,48.297269],[124.51876,48.378027],[124.520608,48.556195],[124.808252,49.020666],[124.809484,49.115943],[124.906802,49.184054],[125.117453,49.126127],[125.219699,49.189139],[125.270822,49.454395],[125.23017,49.595411],[125.127308,49.655113],[125.219699,49.669058],[125.177815,49.829533],[125.245569,49.87198],[125.190134,49.959841],[125.328105,50.065985],[125.258504,50.103618],[125.448829,50.216338],[125.536292,50.420014],[125.829479,50.56165],[125.825784,50.70362],[125.758646,50.746809],[125.961906,50.901054],[125.997631,50.872738],[126.059225,51.043503],[125.761726,51.226385],[125.35151,51.623801],[125.12854,51.659083],[124.864302,51.37979],[124.62655,51.327465],[124.490427,51.380537],[124.406659,51.272086],[124.239124,51.344664],[123.926227,51.300532],[123.711264,51.398089],[123.661989,51.319237],[123.440251,51.270963],[123.002934,51.31213],[122.854492,51.477551],[122.874202,51.561339],[122.706051,51.890151],[122.726377,51.978709],[122.625363,52.067459],[122.629059,52.13657],[122.73808,52.153464],[122.787355,52.252494],[122.478153,52.29607],[122.447356,52.394052],[122.168952,52.513674],[121.94783,52.298266],[121.714389,52.318025],[121.63986,52.44442],[121.182217,52.59918],[121.591201,52.824693],[121.785838,53.018451],[121.817867,53.061631],[121.665114,53.170467],[121.679896,53.240722],[121.499426,53.337314],[120.820661,53.269007],[120.297112,52.869872],[120.031642,52.773674],[120.07599,52.586092],[120.462184,52.64532],[120.734429,52.536977],[120.627256,52.323878],[120.755371,52.258355],[120.786784,52.15787],[120.656821,51.926333],[120.087077,51.678013],[119.97128,51.40033],[119.910918,51.390994],[119.946643,51.360736],[119.760629,51.212516],[119.764325,51.092017],[119.491464,50.87878],[119.506862,50.763846],[119.281428,50.601551],[119.217371,50.414675],[119.125596,50.389118],[119.358421,50.358965],[119.350414,50.166145],[119.090487,49.985629],[118.574946,49.931342],[118.483787,49.830691],[118.385853,49.827217],[118.082811,49.616741],[117.866,49.591532],[117.809333,49.521263],[117.068974,49.695389],[116.717889,49.847288],[116.048363,48.873274],[116.077928,48.822471],[115.799523,48.514982],[115.822929,48.259432],[115.529126,48.155336],[115.580249,47.921649],[115.939342,47.683275],[116.26579,47.876711],[116.453035,47.837358],[116.791186,47.89758],[117.094844,47.8241],[117.384335,47.641356],[117.813645,48.016212],[118.124694,48.047427],[118.568171,47.992187],[118.773278,47.771034],[119.134219,47.664335],[119.152081,47.540453],[119.365812,47.47739],[119.32208,47.42721],[119.716282,47.195518],[119.859795,46.917046],[119.926933,46.903963],[119.911534,46.669572],[119.804361,46.68189],[119.677477,46.584908],[119.557985,46.633832],[119.374435,46.603414],[119.123132,46.642872],[118.914329,46.77501],[118.788061,46.687227],[118.316252,46.73934],[117.748355,46.521941],[117.596218,46.603414],[117.42006,46.582029],[117.372017,46.36028],[116.834302,46.384229],[116.585462,46.292504],[116.271949,45.966926],[116.286731,45.775247],[116.17463,45.688775],[116.035428,45.685013],[115.699741,45.45963],[115.36467,45.392427],[114.983404,45.379397],[114.745035,45.438217],[114.551014,45.387383],[114.459855,45.21353],[114.116777,44.957045],[113.907358,44.915104],[113.631417,44.745333],[112.850406,44.840466],[112.599719,44.930783],[112.438959,45.071697],[111.903707,45.052252],[111.624687,44.778477],[111.569868,44.57634],[111.415883,44.35724],[111.662875,44.061247],[111.870447,43.940279],[111.959758,43.823382],[111.951135,43.693275],[111.79407,43.672068],[111.564325,43.490422],[111.02045,43.329998],[110.437156,42.781203],[109.544044,42.472528],[109.026039,42.458401],[108.845569,42.395673],[108.238252,42.460167],[107.57427,42.412907],[107.46648,42.458842],[105.74185,41.949033],[105.230621,41.751103],[105.009498,41.583007],[104.923267,41.654143],[104.524138,41.661745],[104.530298,41.875104],[103.868779,41.802427],[103.418527,41.882233],[102.712045,42.153007],[102.449039,42.144133],[102.070236,42.232374],[101.803534,42.503861],[100.862995,42.671295],[100.32528,42.690213],[100.272309,42.636523],[99.51224,42.568244],[98.195362,42.653251],[97.172903,42.795257]]]}},{"type":"Feature","properties":{"name":"辽宁省","adcode":210000,"center":[123.429096,41.796767],"centroid":[122.604994,41.299712],"level":"province"},"geometry":{"type":"MultiPolygon","coordinates":[[[[123.534489,39.788361],[124.103001,39.823302],[124.151045,39.74558],[124.241588,39.928477],[124.372167,40.021576],[124.346913,40.079756],[124.739267,40.371733],[124.913578,40.481981],[125.044157,40.466503],[125.015823,40.533853],[125.279445,40.655187],[125.422343,40.635661],[125.585567,40.788535],[125.685349,40.769048],[125.641002,40.798503],[125.707523,40.866877],[125.589263,40.931112],[125.791291,41.167607],[125.547995,41.401006],[125.446981,41.67605],[125.317018,41.676944],[125.294844,41.822945],[125.35151,41.92811],[125.29854,41.974399],[125.490097,42.136145],[125.305931,42.146351],[125.299156,42.289953],[125.175352,42.308102],[125.186439,42.427928],[125.068794,42.499449],[125.097127,42.622433],[125.010896,42.63212],[124.975171,42.802722],[124.874157,42.789987],[124.882781,43.13422],[124.686912,43.051185],[124.466406,42.847054],[124.371551,42.880831],[124.442384,42.958841],[124.333363,42.997371],[124.425754,43.076107],[124.27608,43.233278],[124.032784,43.280786],[123.79688,43.489988],[123.710032,43.417001],[123.572678,43.003498],[123.474743,43.042438],[123.259165,42.993431],[123.169853,42.859777],[123.227752,42.831695],[122.887137,42.770221],[122.848949,42.712203],[122.436886,42.843105],[122.35127,42.830378],[122.460907,42.755282],[122.396234,42.684054],[122.204676,42.732867],[122.204676,42.685374],[121.939207,42.688453],[121.889931,42.556784],[121.69899,42.438529],[121.607831,42.516214],[121.386093,42.474294],[121.070732,42.254083],[120.883487,42.269585],[120.466496,42.105516],[120.456641,42.016208],[120.271859,41.925439],[120.096316,41.697056],[120.035954,41.708226],[120.041498,41.818932],[119.845629,42.097079],[119.841933,42.215534],[119.617115,42.252755],[119.502551,42.388159],[119.237697,42.200905],[119.384906,42.08953],[119.292515,41.790827],[119.307914,41.657273],[119.415703,41.590169],[119.362116,41.566442],[119.401537,41.472343],[119.080632,41.095936],[118.937118,41.052625],[119.00056,40.967273],[118.90201,40.960946],[118.845959,40.822057],[119.054763,40.664721],[119.184726,40.680153],[119.14469,40.632482],[119.256175,40.543404],[119.559217,40.547952],[119.639289,40.231613],[119.745847,40.207851],[119.736608,40.104936],[119.854252,39.98857],[120.491749,40.20008],[120.619249,40.460128],[120.822509,40.59432],[120.8299,40.671076],[121.032544,40.709193],[120.971566,40.805751],[121.086747,40.79805],[121.126167,40.86914],[121.439064,40.830208],[121.499426,40.880001],[121.553013,40.817528],[121.816019,40.894931],[121.934279,40.79805],[121.951525,40.680607],[122.148626,40.671983],[122.133843,40.614313],[122.245944,40.519752],[122.198517,40.382219],[121.940438,40.242121],[121.995257,40.128277],[121.76428,39.933525],[121.541926,39.874302],[121.472325,39.802155],[121.502506,39.703233],[121.450151,39.624914],[121.226565,39.554814],[121.301709,39.476327],[121.245659,39.456923],[121.270296,39.374162],[121.51544,39.286672],[121.72486,39.364447],[121.589353,39.263044],[121.68236,39.117863],[121.631853,39.077921],[121.590585,39.154999],[121.508049,39.034237],[121.370695,39.060264],[121.341129,38.980757],[121.08921,38.922115],[121.13787,38.723023],[121.708845,38.872744],[121.719316,38.920252],[121.618918,38.950046],[121.671273,39.010059],[121.920728,38.969591],[121.852975,39.035631],[122.061778,39.060264],[122.167104,39.158711],[122.117213,39.213911],[122.412864,39.411625],[122.860652,39.604629],[122.972753,39.594946],[123.010941,39.655331],[123.212969,39.665928],[123.274563,39.753862],[123.392823,39.723949],[123.534489,39.788361]]],[[[122.318625,39.170775],[122.398697,39.16196],[122.393154,39.213448],[122.318625,39.170775]]],[[[123.160614,39.025404],[123.205578,39.057011],[123.145832,39.091857],[123.160614,39.025404]]]]}},{"type":"Feature","properties":{"name":"吉林省","adcode":220000,"center":[125.3245,43.886841],"centroid":[126.171208,43.703954],"level":"province"},"geometry":{"type":"MultiPolygon","coordinates":[[[[129.601492,42.415116],[129.748701,42.471204],[129.767179,42.707806],[129.897143,43.001748],[130.10841,42.989929],[130.10225,42.922916],[130.277793,42.892232],[130.257467,42.710884],[130.44656,42.607459],[130.435474,42.553257],[130.522937,42.622433],[130.581451,42.435437],[130.645509,42.426603],[130.565437,42.506509],[130.633806,42.603494],[130.592538,42.671295],[130.40714,42.731548],[130.801957,42.879515],[131.043406,42.862848],[131.034167,42.929051],[131.145652,42.9365],[131.102536,43.021002],[131.207861,43.1316],[131.31873,43.499539],[131.142572,43.425695],[131.026775,43.508655],[130.864167,43.437863],[130.630726,43.622268],[130.412684,43.652586],[130.365256,44.044042],[130.079461,43.835039],[129.951345,44.027263],[129.743158,43.876035],[129.254718,43.819496],[129.23008,43.593234],[128.878379,43.539898],[128.729322,43.736964],[128.760734,43.857482],[128.636315,43.891132],[128.471859,44.157501],[128.481714,44.375637],[128.372693,44.514495],[128.211317,44.431647],[128.172512,44.34697],[128.049941,44.349965],[128.101679,44.293449],[128.091208,44.133022],[127.783239,44.071997],[127.712406,44.199133],[127.59045,44.227872],[127.623711,44.278025],[127.486356,44.410275],[127.465414,44.516628],[127.557189,44.575488],[127.182082,44.644507],[127.049655,44.566961],[126.984366,44.823914],[127.092771,44.94688],[126.96404,45.132104],[126.792808,45.135481],[126.569222,45.252725],[126.235383,45.140125],[125.998247,45.162072],[125.695205,45.352066],[125.687813,45.514173],[125.424807,45.485649],[125.361981,45.392847],[125.097127,45.38276],[124.911114,45.535976],[124.886476,45.442836],[124.398652,45.440737],[124.348761,45.546874],[124.162132,45.616404],[124.001987,45.770655],[124.064197,45.802372],[124.061118,45.886168],[123.973654,45.973997],[124.040176,46.01973],[123.960103,46.288369],[123.917604,46.25693],[123.896046,46.303668],[123.569598,46.223816],[123.248078,46.273065],[123.04605,46.099878],[122.792898,46.073313],[122.828623,45.912406],[122.752246,45.834905],[122.792283,45.766063],[122.741775,45.705077],[122.671558,45.70048],[122.556378,45.82156],[122.504639,45.786933],[122.446125,45.916986],[122.362357,45.917403],[122.372828,45.856166],[122.253952,45.7982],[121.843736,46.024301],[121.761816,45.998947],[121.817251,45.875336],[121.644172,45.752284],[121.970004,45.692956],[122.002648,45.507882],[122.168336,45.439897],[122.147394,45.295682],[122.239169,45.276313],[122.22993,45.206784],[122.109822,45.142236],[122.04946,44.912985],[122.099967,44.7823],[122.168952,44.770405],[122.10243,44.736406],[122.161561,44.728328],[122.103046,44.67388],[122.13138,44.577619],[122.28598,44.477783],[122.271198,44.255741],[122.675254,44.285738],[123.12489,44.5098],[123.128585,44.367081],[123.386664,44.161794],[123.331229,44.028984],[123.520323,43.708419],[123.5117,43.592801],[123.421157,43.598435],[123.452569,43.545971],[123.304744,43.550742],[123.419925,43.410046],[123.486446,43.44525],[123.703873,43.37047],[123.747604,43.472184],[123.857858,43.459153],[123.896046,43.361333],[124.032784,43.280786],[124.27608,43.233278],[124.425754,43.076107],[124.333363,42.997371],[124.442384,42.958841],[124.371551,42.880831],[124.466406,42.847054],[124.686912,43.051185],[124.882781,43.13422],[124.874157,42.789987],[124.975171,42.802722],[125.010896,42.63212],[125.097127,42.622433],[125.068794,42.499449],[125.186439,42.427928],[125.175352,42.308102],[125.299156,42.289953],[125.305931,42.146351],[125.490097,42.136145],[125.291764,41.958825],[125.35151,41.92811],[125.307779,41.924548],[125.317018,41.676944],[125.446981,41.67605],[125.547995,41.401006],[125.791291,41.167607],[125.584335,40.891764],[125.817161,40.866877],[126.041362,40.928851],[126.124514,41.092327],[126.295129,41.171661],[126.437411,41.353405],[126.539041,41.366881],[126.497158,41.406842],[126.608027,41.669345],[126.688099,41.674262],[126.694874,41.751103],[126.8002,41.702865],[126.931395,41.812687],[127.178386,41.600015],[127.11864,41.540018],[127.253531,41.486691],[127.547334,41.477276],[127.636645,41.413575],[128.000049,41.442741],[128.114614,41.364186],[128.317874,41.575844],[128.112766,41.793504],[128.106607,41.949923],[128.033926,42.000199],[128.952908,42.025545],[128.971386,42.097079],[129.215914,42.208442],[129.183269,42.262056],[129.240551,42.376223],[129.368051,42.459284],[129.546057,42.361632],[129.601492,42.415116]]]]}},{"type":"Feature","properties":{"name":"黑龙江省","adcode":230000,"center":[126.642464,45.756967],"centroid":[127.693027,48.040465],"level":"province"},"geometry":{"type":"MultiPolygon","coordinates":[[[[123.569598,46.223816],[123.960103,46.288369],[124.040176,46.01973],[123.968727,45.936551],[124.067277,45.840325],[124.001987,45.770655],[124.162132,45.616404],[124.348761,45.546874],[124.398652,45.440737],[124.886476,45.442836],[124.911114,45.535976],[125.097127,45.38276],[125.361981,45.392847],[125.424807,45.485649],[125.687813,45.514173],[125.695205,45.352066],[125.998247,45.162072],[126.235383,45.140125],[126.569222,45.252725],[126.792808,45.135481],[126.96404,45.132104],[127.092771,44.94688],[126.984366,44.823914],[127.049655,44.566961],[127.182082,44.644507],[127.557189,44.575488],[127.465414,44.516628],[127.486356,44.410275],[127.623711,44.278025],[127.59045,44.227872],[127.712406,44.199133],[127.783239,44.071997],[128.091208,44.133022],[128.101679,44.293449],[128.049941,44.349965],[128.172512,44.34697],[128.211317,44.431647],[128.372693,44.514495],[128.481714,44.375637],[128.471859,44.157501],[128.636315,43.891132],[128.760734,43.857482],[128.729322,43.736964],[128.878379,43.539898],[129.23008,43.593234],[129.254718,43.819496],[129.743158,43.876035],[129.951345,44.027263],[130.079461,43.835039],[130.365256,44.044042],[130.412684,43.652586],[130.630726,43.622268],[130.864167,43.437863],[131.026775,43.508655],[131.142572,43.425695],[131.304564,43.502144],[131.20047,43.532089],[131.2171,43.836334],[131.310723,44.046623],[131.111775,44.710042],[130.965181,44.85065],[131.16105,44.948151],[131.501664,44.977793],[131.695685,45.132104],[131.681519,45.215217],[131.79362,45.211844],[131.887858,45.342393],[132.003655,45.25441],[132.954049,45.023072],[133.139447,45.127459],[133.095715,45.246827],[133.143759,45.430658],[133.203505,45.516689],[133.471438,45.631053],[133.467743,45.834905],[133.676546,45.94321],[133.745531,46.075389],[133.706111,46.163333],[133.909987,46.254447],[133.922922,46.330948],[133.869335,46.338386],[133.948791,46.401153],[133.849625,46.475389],[134.011001,46.637941],[134.063972,46.979962],[134.142812,47.093349],[134.222268,47.105164],[134.177305,47.326299],[134.307268,47.428829],[134.568426,47.478199],[134.779694,47.7159],[134.55426,47.982173],[134.679295,48.256245],[135.09567,48.437618],[134.927519,48.451513],[134.764295,48.370076],[134.501905,48.418954],[134.20379,48.3824],[133.740604,48.254651],[133.545967,48.121389],[133.130208,48.134971],[132.819159,47.936887],[132.661478,47.944905],[132.687348,47.88514],[132.558,47.718316],[132.371987,47.765402],[131.976554,47.673201],[131.690142,47.707041],[131.59036,47.660707],[131.456085,47.747297],[131.029855,47.694555],[130.891269,47.927263],[130.666451,48.105007],[130.845073,48.296473],[130.747755,48.404256],[130.767465,48.507846],[130.620871,48.49595],[130.605473,48.594207],[130.538335,48.612016],[130.680617,48.881146],[130.237757,48.868551],[129.937179,49.040285],[129.730223,49.288387],[129.562687,49.299706],[129.51834,49.423652],[129.390224,49.432605],[129.358196,49.355871],[129.215298,49.399122],[129.084719,49.359769],[129.013886,49.457119],[128.76135,49.482009],[128.813089,49.558157],[128.744104,49.595023],[128.185447,49.53952],[127.815268,49.593859],[127.674833,49.764247],[127.531936,49.826059],[127.501755,50.056764],[127.603385,50.239309],[127.332371,50.340634],[127.3644,50.438314],[127.293567,50.46575],[127.370559,50.581415],[127.295415,50.755139],[126.922772,51.061937],[126.899982,51.200518],[126.98375,51.318863],[126.887047,51.321856],[126.908605,51.246619],[126.820526,51.281071],[126.837156,51.345038],[126.930163,51.359241],[126.908605,51.407423],[126.791577,51.432428],[126.837156,51.536033],[126.67886,51.602246],[126.734294,51.711399],[126.462665,51.948471],[126.450962,52.027709],[126.556288,52.136203],[126.306832,52.205574],[126.4331,52.298632],[126.327774,52.310342],[126.353644,52.389304],[126.205202,52.466302],[126.147304,52.573],[125.968682,52.630429],[126.116507,52.768243],[125.966834,52.759914],[125.827631,52.899123],[125.678574,52.86084],[125.742632,52.993964],[125.613901,53.083564],[125.530749,53.0512],[125.142091,53.204175],[124.887708,53.164368],[124.87231,53.099018],[124.678905,53.207043],[124.435609,53.223886],[124.239124,53.379817],[124.125791,53.348033],[123.865249,53.489627],[123.620721,53.550115],[123.53141,53.507071],[123.517243,53.558292],[123.499381,53.497816],[123.274563,53.563269],[122.894528,53.462914],[122.435038,53.444739],[122.350038,53.505647],[121.697758,53.392666],[121.499426,53.337314],[121.679896,53.240722],[121.665114,53.170467],[121.817867,53.061631],[121.591201,52.824693],[121.182217,52.59918],[121.63986,52.44442],[121.714389,52.318025],[121.841272,52.282526],[121.94783,52.298266],[122.168952,52.513674],[122.447356,52.394052],[122.478153,52.29607],[122.787355,52.252494],[122.73808,52.153464],[122.629059,52.13657],[122.625363,52.067459],[122.726377,51.978709],[122.706051,51.890151],[122.874202,51.561339],[122.854492,51.477551],[123.002934,51.31213],[123.440251,51.270963],[123.661989,51.319237],[123.711264,51.398089],[123.926227,51.300532],[124.239124,51.344664],[124.406659,51.272086],[124.490427,51.380537],[124.62655,51.327465],[124.864302,51.37979],[125.12854,51.659083],[125.35151,51.623801],[125.761726,51.226385],[126.059225,51.043503],[125.997631,50.872738],[125.961906,50.901054],[125.758646,50.746809],[125.825784,50.70362],[125.829479,50.56165],[125.536292,50.420014],[125.448829,50.216338],[125.258504,50.103618],[125.328105,50.065985],[125.190134,49.959841],[125.245569,49.87198],[125.177815,49.829533],[125.219699,49.669058],[125.127308,49.655113],[125.23017,49.595411],[125.270822,49.454395],[125.219699,49.189139],[125.117453,49.126127],[124.906802,49.184054],[124.809484,49.115943],[124.808252,49.020666],[124.520608,48.556195],[124.51876,48.378027],[124.579738,48.297269],[124.529847,48.146951],[124.415899,48.08782],[124.475029,48.173698],[124.317964,48.35099],[124.314269,48.503881],[124.25945,48.536385],[123.579453,48.045427],[123.300432,47.953723],[123.161846,47.781892],[122.59395,47.54732],[122.418407,47.350632],[122.615508,47.124306],[122.852645,47.072158],[122.77442,46.973837],[122.895144,46.960359],[122.906847,46.80738],[123.026339,46.718829],[123.163694,46.74016],[123.221592,46.850373],[123.374345,46.837683],[123.404526,46.935438],[123.301664,46.999965],[123.52833,46.944836],[123.506772,46.827038],[123.605322,46.891286],[123.603475,46.68928],[123.002318,46.574624],[123.011557,46.434984],[123.178476,46.248239],[123.569598,46.223816]]]]}},{"type":"Feature","properties":{"name":"上海市","adcode":310000,"center":[121.472644,31.231706],"centroid":[121.438737,31.072559],"level":"province"},"geometry":{"type":"MultiPolygon","coordinates":[[[[120.901349,31.017327],[120.989428,31.01425],[120.991892,30.837133],[121.097833,30.857171],[121.274608,30.677191],[121.681128,30.818633],[121.943518,30.776993],[121.994025,30.862823],[121.977395,31.016301],[121.722396,31.3036],[121.343593,31.511996],[121.113848,31.37465],[121.142797,31.275472],[121.060261,31.245289],[121.076892,31.158267],[120.881023,31.134706],[120.901349,31.017327]]],[[[121.974931,31.61704],[121.599824,31.703128],[121.323267,31.868458],[121.118775,31.759119],[121.371926,31.553314],[121.434136,31.590535],[121.819098,31.437987],[121.981706,31.464024],[121.974931,31.61704]]],[[[121.795693,31.330186],[121.742106,31.407345],[121.509897,31.4824],[121.795693,31.330186]]],[[[121.801852,31.356765],[121.840656,31.295418],[122.097503,31.255522],[122.122756,31.307179],[121.801852,31.356765]]],[[[121.943518,31.215608],[121.995873,31.160828],[122.008808,31.221238],[121.943518,31.215608]]]]}},{"type":"Feature","properties":{"name":"江苏省","adcode":320000,"center":[118.767413,32.041544],"centroid":[119.486506,32.983991],"level":"province"},"geometry":{"type":"MultiPolygon","coordinates":[[[[117.311654,34.561686],[117.248213,34.451216],[117.166293,34.434435],[117.070206,34.713835],[116.789338,34.975133],[116.781331,34.916757],[116.445028,34.895652],[116.374195,34.640011],[116.828142,34.389012],[116.969192,34.389012],[117.025243,34.167469],[117.192162,34.068873],[117.514914,34.060941],[117.569117,33.985051],[117.629479,34.028708],[117.753899,33.891211],[117.750203,33.710688],[118.161035,33.735576],[118.107448,33.475391],[118.050782,33.491863],[117.942376,33.224936],[118.038463,33.134776],[118.217085,33.191888],[118.244803,32.998359],[118.303933,32.96874],[118.2331,32.914498],[118.300237,32.783275],[118.375382,32.718849],[118.707373,32.72036],[118.849039,32.956689],[119.020886,32.955685],[119.113277,32.823014],[119.184726,32.825529],[119.230921,32.607001],[119.084944,32.452602],[118.890923,32.553042],[118.908169,32.59238],[118.568787,32.585825],[118.592192,32.481383],[118.691359,32.472295],[118.703061,32.328792],[118.643931,32.209875],[118.510888,32.194176],[118.501033,32.121726],[118.394476,32.076098],[118.363679,31.930443],[118.504729,31.841516],[118.481939,31.778453],[118.641467,31.75861],[118.697518,31.709747],[118.643315,31.649651],[118.773894,31.682759],[118.858894,31.623665],[118.852119,31.393553],[118.720924,31.322518],[118.794836,31.229426],[119.10527,31.235055],[119.158241,31.294907],[119.338095,31.259103],[119.350414,31.301043],[119.391682,31.174142],[119.599869,31.10909],[119.678093,31.167997],[119.921389,31.170045],[120.111099,30.955761],[120.371025,30.948575],[120.35809,30.886964],[120.435083,30.920855],[120.504684,30.757967],[120.713487,30.88491],[120.698089,30.970643],[120.901349,31.017327],[120.881023,31.134706],[121.076892,31.158267],[121.060261,31.245289],[121.142797,31.275472],[121.113848,31.37465],[121.371926,31.553314],[121.118775,31.759119],[121.200079,31.834907],[121.323267,31.868458],[121.599824,31.703128],[121.974931,31.61704],[121.856055,31.955328],[121.759352,32.059362],[121.458774,32.177462],[121.493882,32.263533],[121.425513,32.430885],[120.961711,32.612042],[120.916131,32.701225],[120.981421,32.85972],[120.871784,33.047032],[120.833595,33.274984],[120.741205,33.337505],[120.311895,34.306991],[119.641137,34.569078],[119.465594,34.672994],[119.525956,34.73351],[119.381827,34.752198],[119.497007,34.754164],[119.439725,34.785136],[119.238313,34.799388],[119.211211,34.981507],[119.238313,35.048657],[119.307298,35.032977],[119.286972,35.115261],[118.86259,35.025626],[118.719076,34.745313],[118.783749,34.723181],[118.460997,34.656258],[118.379693,34.415183],[118.179513,34.379628],[118.132702,34.483287],[118.185056,34.543942],[118.079115,34.569571],[118.084042,34.655766],[117.951615,34.678408],[117.793935,34.651827],[117.801942,34.518798],[117.684298,34.547392],[117.592523,34.462566],[117.465023,34.484767],[117.370785,34.584846],[117.311654,34.561686]]]]}},{"type":"Feature","properties":{"name":"浙江省","adcode":330000,"center":[120.153576,30.287459],"centroid":[120.109913,29.181466],"level":"province"},"geometry":{"type":"MultiPolygon","coordinates":[[[[118.433896,28.288335],[118.490562,28.238259],[118.719692,28.312047],[118.802228,28.240368],[118.730163,27.970615],[118.818242,27.916689],[118.907553,27.460952],[119.020886,27.498118],[119.26911,27.42218],[119.360269,27.524657],[119.466826,27.526249],[119.501319,27.649837],[119.606028,27.674749],[119.768636,27.307909],[120.26262,27.432804],[120.340844,27.399867],[120.461568,27.142407],[120.545952,27.156785],[120.580444,27.321203],[120.665444,27.357884],[120.703016,27.478475],[120.634647,27.577186],[120.777545,27.774873],[120.840371,27.758986],[120.942001,27.896592],[121.134174,27.787051],[121.192072,27.822518],[121.162507,27.90717],[120.991892,27.95],[121.059029,28.096338],[121.108304,28.139092],[121.140949,28.031382],[121.261057,28.034551],[121.488955,28.301509],[121.627541,28.251966],[121.692831,28.407368],[121.540694,28.655537],[121.689135,28.719062],[121.687287,28.863294],[121.774751,28.863818],[121.608447,29.168927],[121.715621,29.125022],[121.767975,29.166837],[121.780294,29.10986],[121.966308,29.052852],[121.948446,29.193485],[122.002032,29.260336],[121.937975,29.384],[122.000185,29.582486],[121.833265,29.653242],[122.140003,29.901535],[121.721164,29.992802],[121.371926,30.37097],[121.092906,30.515952],[121.058413,30.563888],[121.239499,30.648878],[121.272144,30.723504],[121.123087,30.77905],[121.097833,30.857171],[120.991892,30.837133],[120.989428,31.01425],[120.698089,30.970643],[120.713487,30.88491],[120.504684,30.757967],[120.435083,30.920855],[120.35809,30.886964],[120.371025,30.948575],[120.111099,30.955761],[119.921389,31.170045],[119.678093,31.167997],[119.623891,31.130096],[119.575847,30.829939],[119.479761,30.772365],[119.444652,30.650422],[119.39045,30.685941],[119.238929,30.609225],[119.402768,30.374584],[119.201356,30.290905],[118.954365,30.360126],[118.880452,30.31519],[118.929727,30.2025],[118.852735,30.166805],[118.894619,29.937845],[118.740634,29.814859],[118.744945,29.73902],[118.496106,29.519492],[118.329802,29.495012],[118.316252,29.422581],[118.193064,29.395472],[118.178281,29.297921],[118.077883,29.290614],[118.042159,29.210202],[118.097593,28.998952],[118.227556,28.942406],[118.195527,28.904167],[118.270056,28.918836],[118.428352,28.681267],[118.414802,28.497344],[118.474548,28.478934],[118.432048,28.402104],[118.480091,28.327325],[118.433896,28.288335]]],[[[122.163408,29.988137],[122.322321,29.940438],[122.293988,30.100554],[121.934895,30.161631],[122.027902,29.991247],[122.163408,29.988137]]],[[[122.162793,30.329654],[122.058083,30.291938],[122.231778,30.234562],[122.228082,30.329654],[122.162793,30.329654]]],[[[122.372212,29.893234],[122.415944,29.828877],[122.411632,29.951846],[122.330944,29.937845],[122.372212,29.893234]]],[[[122.43011,30.408655],[122.277973,30.471603],[122.281669,30.418461],[122.43011,30.408655]]],[[[122.265038,29.84549],[122.221307,29.832512],[122.310002,29.766557],[122.265038,29.84549]]],[[[121.943518,30.776993],[121.997105,30.658659],[122.133227,30.595317],[121.943518,30.776993]]],[[[122.182503,29.650642],[122.200365,29.712515],[122.083952,29.78318],[122.047612,29.719791],[122.182503,29.650642]]],[[[121.850511,29.977251],[121.933047,29.994875],[121.848663,30.101072],[121.850511,29.977251]]],[[[121.957685,30.287804],[121.989098,30.339985],[121.921344,30.30744],[121.957685,30.287804]]],[[[121.098449,27.937311],[121.120623,27.986471],[121.038087,27.948942],[121.098449,27.937311]]]]}},{"type":"Feature","properties":{"name":"安徽省","adcode":340000,"center":[117.283042,31.86119],"centroid":[117.226884,31.849254],"level":"province"},"geometry":{"type":"MultiPolygon","coordinates":[[[[116.599629,34.014324],[116.631042,33.887733],[116.566984,33.9081],[116.155536,33.709693],[115.95782,34.007875],[115.658473,34.061437],[115.547604,33.874815],[115.631988,33.869846],[115.563003,33.772895],[115.639995,33.585143],[115.345576,33.502842],[115.313547,33.376994],[115.361591,33.298497],[115.289526,33.131769],[115.041302,33.086653],[114.902716,33.129764],[114.883006,32.990328],[115.197135,32.856201],[115.20083,32.591876],[115.411482,32.575235],[115.626445,32.40512],[115.910393,32.567165],[115.845719,32.501575],[115.941805,32.166318],[115.914704,31.814567],[115.676336,31.778453],[115.495249,31.673083],[115.371446,31.495668],[115.372062,31.349098],[115.443511,31.344498],[115.585793,31.143926],[115.700973,31.201276],[115.778582,31.112164],[115.867277,31.147512],[115.938726,31.04707],[116.058834,31.012711],[116.071769,30.956787],[115.865429,30.864364],[115.851262,30.756938],[115.762567,30.685426],[115.910393,30.519046],[115.903001,30.31364],[116.065609,30.204569],[116.13521,29.819532],[116.280572,29.788893],[116.552201,29.909836],[116.585462,30.045657],[116.666766,30.076734],[116.900207,29.949253],[116.673541,29.709916],[116.651983,29.637118],[116.721585,29.564789],[117.112706,29.711995],[117.136728,29.775388],[117.073286,29.831992],[117.2168,29.926953],[117.25314,29.834588],[117.415132,29.85068],[117.543248,29.588731],[118.00397,29.578322],[118.143788,29.489803],[118.136397,29.418932],[118.316252,29.422581],[118.329802,29.495012],[118.496106,29.519492],[118.573714,29.638159],[118.647011,29.64336],[118.838568,29.934733],[118.894619,29.937845],[118.852735,30.166805],[118.929727,30.2025],[118.880452,30.31519],[118.954365,30.360126],[119.201356,30.290905],[119.402768,30.374584],[119.238929,30.609225],[119.39045,30.685941],[119.444652,30.650422],[119.633746,31.019379],[119.623891,31.130096],[119.391682,31.174142],[119.350414,31.301043],[119.338095,31.259103],[119.158241,31.294907],[119.10527,31.235055],[118.794836,31.229426],[118.720924,31.322518],[118.852119,31.393553],[118.858894,31.623665],[118.773894,31.682759],[118.643315,31.649651],[118.697518,31.709747],[118.521975,31.743343],[118.504729,31.841516],[118.363679,31.930443],[118.394476,32.076098],[118.501033,32.121726],[118.510888,32.194176],[118.643931,32.209875],[118.703061,32.328792],[118.691359,32.472295],[118.592192,32.481383],[118.568787,32.585825],[118.908169,32.59238],[118.890923,32.553042],[119.084944,32.452602],[119.230921,32.607001],[119.184726,32.825529],[119.113277,32.823014],[119.020886,32.955685],[118.849039,32.956689],[118.810235,32.853687],[118.743097,32.853184],[118.756648,32.737477],[118.375382,32.718849],[118.250346,32.848157],[118.2331,32.914498],[118.303933,32.96874],[118.244803,32.998359],[118.217085,33.191888],[118.038463,33.134776],[117.942376,33.224936],[118.050782,33.491863],[118.107448,33.475391],[118.161035,33.735576],[117.750203,33.710688],[117.753899,33.891211],[117.629479,34.028708],[117.569117,33.985051],[117.514914,34.060941],[117.192162,34.068873],[117.025243,34.167469],[116.969192,34.389012],[116.592237,34.493646],[116.430245,34.650843],[116.196804,34.575977],[116.162312,34.459605],[116.372347,34.26595],[116.582382,34.266444],[116.52818,34.122892],[116.599629,34.014324]]]]}},{"type":"Feature","properties":{"name":"福建省","adcode":350000,"center":[119.306239,26.075302],"centroid":[118.006468,26.069925],"level":"province"},"geometry":{"type":"MultiPolygon","coordinates":[[[[119.004872,24.970009],[119.016575,25.058409],[118.945126,25.028588],[118.892155,25.092558],[118.985162,25.168954],[118.91556,25.256668],[119.074473,25.211195],[119.028893,25.139702],[119.134219,25.106107],[119.119436,25.012861],[119.131755,25.223106],[119.26911,25.159746],[119.294979,25.237182],[119.380595,25.250173],[119.14469,25.388121],[119.219834,25.468654],[119.353493,25.411908],[119.359037,25.521592],[119.45266,25.493505],[119.438493,25.412449],[119.491464,25.443257],[119.486536,25.369737],[119.548746,25.365952],[119.577695,25.445959],[119.597405,25.334584],[119.649144,25.342697],[119.670086,25.435691],[119.622659,25.434069],[119.675014,25.468113],[119.773564,25.395691],[119.866571,25.455145],[119.811136,25.507009],[119.883817,25.546432],[119.785883,25.66786],[119.683637,25.592859],[119.675014,25.475137],[119.478529,25.631715],[119.602949,25.68512],[119.628202,25.87212],[119.723673,26.011503],[119.604181,26.168985],[119.676246,26.262943],[119.95465,26.352534],[119.835774,26.434019],[119.788346,26.583435],[119.577695,26.622498],[119.664543,26.726243],[119.873962,26.642827],[119.942947,26.784492],[120.061824,26.768997],[119.828383,26.524013],[120.1382,26.638012],[120.136352,26.797847],[120.054432,26.863533],[120.233055,26.907837],[120.282946,27.089671],[120.461568,27.142407],[120.430155,27.258976],[120.26262,27.432804],[119.768636,27.307909],[119.606028,27.674749],[119.501319,27.649837],[119.466826,27.526249],[119.360269,27.524657],[119.26911,27.42218],[119.020886,27.498118],[118.907553,27.460952],[118.818242,27.916689],[118.730163,27.970615],[118.802228,28.240368],[118.719692,28.312047],[118.490562,28.238259],[118.424041,28.291497],[118.314404,28.221913],[118.375382,28.186577],[118.356288,28.091586],[118.153644,28.062016],[118.096977,27.970615],[117.856145,27.94577],[117.740348,27.800286],[117.52169,27.982243],[117.280242,27.871201],[117.296256,27.764282],[117.003685,27.625449],[117.103467,27.533149],[117.104699,27.330773],[117.171836,27.29036],[117.05296,27.100327],[116.936547,27.019319],[116.679085,26.978259],[116.548506,26.84004],[116.539267,26.559349],[116.638433,26.477418],[116.601476,26.372911],[116.519557,26.410437],[116.412999,26.297822],[116.392057,26.171133],[116.476441,26.172745],[116.489375,26.113649],[116.369883,25.963088],[116.132131,25.860273],[116.18079,25.778926],[116.067457,25.703995],[116.008327,25.319437],[115.855574,25.20957],[115.928255,25.050276],[115.873436,25.019911],[115.925175,24.960786],[115.870356,24.959701],[116.068073,24.850053],[116.191877,24.877203],[116.244232,24.793563],[116.395137,24.877746],[116.375427,24.803885],[116.530027,24.604895],[116.815207,24.654944],[116.759157,24.545572],[116.998757,24.179217],[116.930388,24.064514],[116.981511,23.855602],[117.192778,23.5619],[117.302415,23.550379],[117.463791,23.584937],[117.501364,23.70445],[117.601762,23.70171],[117.671979,23.878041],[117.792703,23.906494],[118.019369,24.197232],[118.158571,24.269814],[118.048934,24.418122],[118.121615,24.570067],[118.242955,24.51236],[118.512736,24.60816],[118.558316,24.51236],[118.614366,24.521617],[118.680272,24.58204],[118.652554,24.653857],[118.786213,24.77672],[118.647627,24.843536],[118.988857,24.878831],[118.91864,24.932569],[119.004872,24.970009]]],[[[118.412338,24.514538],[118.374766,24.458986],[118.298389,24.477506],[118.282375,24.413218],[118.457918,24.412128],[118.412338,24.514538]]],[[[119.471138,25.197116],[119.52534,25.157579],[119.566608,25.210112],[119.473601,25.259916],[119.471138,25.197116]]],[[[118.204151,24.504737],[118.14502,24.560814],[118.068644,24.463344],[118.143173,24.420847],[118.204151,24.504737]]],[[[119.668238,26.628383],[119.748926,26.681334],[119.673782,26.680799],[119.668238,26.628383]]]]}},{"type":"Feature","properties":{"name":"江西省","adcode":360000,"center":[115.892151,28.676493],"centroid":[115.732975,27.636112],"level":"province"},"geometry":{"type":"MultiPolygon","coordinates":[[[[118.193064,29.395472],[118.00397,29.578322],[117.543248,29.588731],[117.415132,29.85068],[117.25314,29.834588],[117.2168,29.926953],[117.073286,29.831992],[117.136728,29.775388],[117.112706,29.711995],[116.721585,29.564789],[116.653831,29.694841],[116.900207,29.949253],[116.666766,30.076734],[116.585462,30.045657],[116.552201,29.909836],[116.280572,29.788893],[116.172783,29.828358],[115.909777,29.723949],[115.667712,29.850161],[115.51188,29.840299],[115.470612,29.739539],[115.28583,29.618391],[115.113367,29.684963],[115.154019,29.510117],[115.00065,29.572076],[114.860216,29.476258],[114.947063,29.465317],[114.895325,29.397557],[114.67297,29.395993],[114.519602,29.325578],[114.307102,29.365225],[114.252284,29.23475],[114.063191,29.204978],[113.952321,29.092604],[113.973879,28.937692],[114.153734,28.829221],[114.08598,28.558337],[114.218407,28.48472],[114.172212,28.432632],[114.252284,28.395787],[114.2529,28.319423],[114.107538,28.182885],[113.992357,28.161255],[114.025618,28.031382],[113.752141,27.93361],[113.763228,27.799228],[113.579062,27.545354],[113.616635,27.345658],[113.872865,27.384988],[113.771851,27.096598],[113.927068,26.948922],[113.835909,26.806394],[113.860546,26.664221],[114.10877,26.56952],[113.962792,26.150722],[114.181451,26.214631],[114.237501,26.152333],[114.008372,26.015806],[114.028082,25.893119],[113.913517,25.701299],[113.983118,25.599336],[113.94493,25.441635],[114.050256,25.36433],[114.039785,25.250714],[114.382863,25.317274],[114.541159,25.416773],[114.743188,25.274528],[114.685905,25.173287],[114.735796,25.121822],[114.395798,24.951019],[114.336052,24.749004],[114.19069,24.656576],[114.391486,24.563535],[114.429058,24.48622],[114.664963,24.583673],[114.704999,24.525973],[114.729637,24.608704],[114.868839,24.562446],[114.909491,24.661471],[115.104744,24.667997],[115.412714,24.79302],[115.68927,24.545027],[115.843871,24.562446],[115.756408,24.749004],[115.824161,24.909232],[115.907313,24.879917],[115.870356,24.959701],[115.925175,24.960786],[115.855574,25.20957],[116.008327,25.319437],[116.067457,25.703995],[116.18079,25.778926],[116.132131,25.860273],[116.369883,25.963088],[116.489375,26.113649],[116.476441,26.172745],[116.392057,26.171133],[116.412999,26.297822],[116.519557,26.410437],[116.601476,26.372911],[116.638433,26.477418],[116.539267,26.559349],[116.548506,26.84004],[116.679085,26.978259],[116.936547,27.019319],[117.05296,27.100327],[117.171836,27.29036],[117.104699,27.330773],[117.103467,27.533149],[117.003685,27.625449],[117.204481,27.683759],[117.296256,27.764282],[117.280242,27.871201],[117.52169,27.982243],[117.740348,27.800286],[117.856145,27.94577],[118.096977,27.970615],[118.153644,28.062016],[118.356288,28.091586],[118.375382,28.186577],[118.314404,28.221913],[118.480091,28.327325],[118.364295,28.813491],[118.270056,28.918836],[118.195527,28.904167],[118.227556,28.942406],[118.097593,28.998952],[118.037847,29.102017],[118.077883,29.290614],[118.178281,29.297921],[118.193064,29.395472]]]]}},{"type":"Feature","properties":{"name":"山东省","adcode":370000,"center":[117.000923,36.675807],"centroid":[118.187759,36.376092],"level":"province"},"geometry":{"type":"MultiPolygon","coordinates":[[[[116.374195,34.640011],[116.445028,34.895652],[116.781331,34.916757],[116.789338,34.975133],[117.070206,34.713835],[117.166293,34.434435],[117.370785,34.584846],[117.53832,34.467006],[117.684298,34.547392],[117.801942,34.518798],[117.793935,34.651827],[117.951615,34.678408],[118.084042,34.655766],[118.079115,34.569571],[118.185056,34.543942],[118.132702,34.483287],[118.179513,34.379628],[118.379693,34.415183],[118.460997,34.656258],[118.783749,34.723181],[118.719076,34.745313],[118.86259,35.025626],[119.250016,35.124562],[119.373819,35.078538],[119.450812,35.285443],[119.590014,35.37284],[119.662079,35.589215],[119.925085,35.637382],[119.926317,35.759856],[120.01378,35.714193],[120.064287,35.873414],[120.30512,35.971796],[120.257076,36.025055],[120.198562,35.995525],[120.239214,36.062316],[120.116642,36.102943],[120.181316,36.203936],[120.362402,36.196209],[120.286025,36.047317],[120.712255,36.126632],[120.66298,36.331803],[120.744284,36.327946],[120.694393,36.390118],[120.828668,36.46668],[120.871784,36.36699],[120.965407,36.466199],[120.983269,36.546051],[120.847146,36.618617],[121.028848,36.572971],[121.400876,36.701191],[121.565331,36.830635],[121.485259,36.786073],[121.651563,36.723739],[121.631853,36.80093],[122.008808,36.96225],[122.042684,36.871819],[122.141235,36.938337],[122.174495,36.842609],[122.344495,36.828239],[122.434422,36.914416],[122.532356,36.901496],[122.583479,37.037289],[122.467067,37.037289],[122.484313,37.128956],[122.624131,37.190959],[122.573624,37.296247],[122.714058,37.392355],[122.166488,37.438937],[122.150474,37.557163],[121.571491,37.441313],[121.477252,37.475992],[121.391021,37.625449],[121.217326,37.582778],[121.136022,37.723501],[121.037471,37.718767],[120.940769,37.819533],[120.733197,37.833714],[120.227511,37.693673],[120.246605,37.556689],[119.843781,37.376662],[119.89244,37.263866],[119.740303,37.133727],[119.327624,37.115595],[119.204436,37.280058],[119.054147,37.254816],[118.939582,37.527268],[119.023966,37.642037],[119.262334,37.660517],[119.291899,37.869627],[119.16132,37.81906],[118.908169,38.139362],[118.626069,38.138421],[118.552156,38.05553],[118.504729,38.11394],[118.018753,38.202409],[117.895565,38.301572],[117.704624,38.076262],[117.557414,38.046105],[117.438538,37.854035],[116.804736,37.848837],[116.433941,37.473142],[116.336007,37.581355],[116.27626,37.466967],[116.224522,37.479791],[116.2855,37.404241],[116.236224,37.361442],[115.975682,37.337179],[115.969523,37.239572],[115.683727,36.808117],[115.479851,36.760187],[115.355431,36.627262],[115.272895,36.497476],[115.366518,36.30914],[115.462605,36.276339],[115.484163,36.125666],[115.447822,36.01247],[115.362822,35.971796],[115.335105,35.796756],[116.099486,36.112129],[116.048979,35.970343],[115.911624,35.960171],[115.693582,35.754028],[115.48601,35.710306],[115.34496,35.55368],[115.356047,35.490359],[115.04315,35.376744],[114.818948,35.051596],[114.923658,34.968757],[115.12815,35.00455],[115.219309,34.96042],[115.256265,34.845079],[115.42688,34.805285],[115.461373,34.637057],[115.553148,34.568586],[115.991081,34.615389],[116.247927,34.551829],[116.374195,34.640011]]]]}},{"type":"Feature","properties":{"name":"河南省","adcode":410000,"center":[113.665412,34.757975],"centroid":[113.619717,33.902648],"level":"province"},"geometry":{"type":"MultiPolygon","coordinates":[[[[112.716747,32.357612],[113.025949,32.425328],[113.155912,32.380863],[113.211962,32.431895],[113.428773,32.270618],[113.735511,32.410677],[113.782322,32.184553],[113.728735,32.083197],[113.854387,31.843042],[113.957865,31.852701],[113.988662,31.749959],[114.191922,31.852192],[114.292936,31.752503],[114.586123,31.762172],[114.560869,31.560963],[114.641558,31.582378],[114.830035,31.45892],[115.096121,31.508425],[115.16449,31.604808],[115.235939,31.555354],[115.211301,31.442072],[115.301229,31.383846],[115.373909,31.405813],[115.495249,31.673083],[115.676336,31.778453],[115.886371,31.776418],[115.941805,32.166318],[115.845719,32.501575],[115.910393,32.567165],[115.626445,32.40512],[115.411482,32.575235],[115.20083,32.591876],[115.197135,32.856201],[114.883006,32.990328],[114.902716,33.129764],[115.168186,33.088658],[115.303692,33.149809],[115.345576,33.502842],[115.639995,33.585143],[115.563003,33.772895],[115.631988,33.869846],[115.547604,33.874815],[115.60735,34.030196],[115.736082,34.076805],[115.95782,34.007875],[116.074232,33.781351],[116.155536,33.709693],[116.263326,33.730101],[116.566984,33.9081],[116.64336,33.896675],[116.52818,34.122892],[116.582382,34.266444],[116.372347,34.26595],[116.162312,34.459605],[116.196804,34.575977],[116.101334,34.60603],[115.515575,34.582383],[115.42688,34.805285],[115.256265,34.845079],[115.219309,34.96042],[115.12815,35.00455],[114.923658,34.968757],[114.818948,35.051596],[115.04315,35.376744],[115.356047,35.490359],[115.34496,35.55368],[115.48601,35.710306],[115.693582,35.754028],[115.911624,35.960171],[116.048979,35.970343],[116.099486,36.112129],[115.487858,35.880688],[115.363438,35.779765],[115.353583,35.938854],[115.447822,36.01247],[115.465068,36.170125],[115.312931,36.088436],[115.242098,36.19138],[115.12507,36.209731],[114.914419,36.052155],[114.912571,36.140649],[114.588587,36.118414],[114.345291,36.255591],[113.731199,36.363135],[113.697939,36.181719],[113.651127,36.174473],[113.712721,36.129533],[113.655439,36.125182],[113.660982,35.837035],[113.582758,35.818111],[113.625258,35.632518],[113.547649,35.656835],[113.49899,35.532254],[113.31236,35.481101],[113.304353,35.426989],[113.189789,35.44893],[113.126347,35.332327],[112.996384,35.362104],[112.992072,35.29619],[112.772798,35.207732],[112.628052,35.263457],[112.288053,35.219956],[112.058924,35.280069],[112.062004,35.056005],[111.810084,35.062374],[111.664107,34.984449],[111.570484,34.843114],[111.148566,34.807742],[110.976103,34.706456],[110.920052,34.730068],[110.824582,34.615881],[110.379257,34.600612],[110.360779,34.516825],[110.503677,34.33714],[110.43962,34.243196],[110.642264,34.161032],[110.587445,34.023252],[110.665669,33.937895],[110.587445,33.887733],[110.782082,33.796272],[110.823966,33.685793],[111.00382,33.578662],[110.984726,33.255469],[111.179363,33.115229],[111.152877,33.039507],[111.258819,33.006389],[111.255123,32.883846],[111.475629,32.760127],[111.577875,32.593388],[111.640701,32.634724],[112.014576,32.450077],[112.063851,32.474315],[112.155626,32.377326],[112.328089,32.321712],[112.545516,32.404109],[112.716747,32.357612]]]]}},{"type":"Feature","properties":{"name":"湖北省","adcode":420000,"center":[114.298572,30.584355],"centroid":[112.271301,30.987527],"level":"province"},"geometry":{"type":"MultiPolygon","coordinates":[[[[111.045704,33.169849],[110.960704,33.253967],[110.702626,33.097182],[110.57759,33.250464],[110.471032,33.171352],[110.218497,33.163336],[109.619804,33.275484],[109.438718,33.152314],[109.794731,33.067095],[109.789804,32.882339],[109.988752,32.886359],[110.159367,32.767173],[110.206179,32.633212],[110.017701,32.546989],[109.631507,32.599943],[109.495385,32.300468],[109.621652,32.106519],[109.584696,31.900472],[109.633971,31.804396],[109.585928,31.726546],[109.731289,31.700582],[109.727594,31.548214],[109.969658,31.508935],[109.94502,31.47066],[110.118715,31.409899],[110.200019,31.158779],[110.119947,31.088592],[110.172918,30.978853],[110.082375,30.799614],[109.894513,30.899803],[109.35495,30.487076],[109.299516,30.630341],[109.143683,30.521108],[109.111654,30.646303],[109.042669,30.655571],[108.808612,30.491202],[108.688504,30.58759],[108.56778,30.468508],[108.42673,30.492233],[108.402092,30.376649],[108.581947,30.255759],[108.516041,29.885451],[108.371295,29.841337],[108.504338,29.707836],[108.601041,29.863656],[108.658939,29.854833],[108.690968,29.689642],[108.901003,29.604863],[108.866511,29.470527],[108.927488,29.435612],[108.919481,29.3261],[109.060531,29.403292],[109.139372,29.168927],[109.274262,29.121885],[109.257632,29.222738],[109.352487,29.284872],[109.433791,29.530948],[109.516326,29.626194],[109.717739,29.615269],[109.779333,29.757725],[110.113788,29.789932],[110.372482,29.633477],[110.562807,29.712515],[110.642879,29.775907],[110.49875,29.91243],[110.557264,29.988137],[110.497518,30.055499],[110.712481,30.033223],[110.746973,30.112979],[110.851067,30.126439],[110.929907,30.063268],[111.242188,30.040476],[111.394325,29.912948],[111.8107,29.901017],[112.07617,29.743696],[112.065699,29.681323],[112.244322,29.659483],[112.291133,29.517409],[112.439574,29.633997],[112.693957,29.601741],[112.902145,29.79149],[112.944645,29.682883],[113.025949,29.772791],[112.912,29.606944],[112.950188,29.473132],[113.057362,29.522616],[113.078304,29.438218],[113.145441,29.449163],[113.571671,29.849123],[113.547033,29.675603],[113.663446,29.684443],[113.73859,29.579363],[113.630801,29.523137],[113.755221,29.446557],[113.609859,29.25146],[113.693011,29.226394],[113.696091,29.077437],[113.816199,29.105154],[113.898119,29.029307],[114.063191,29.204978],[114.252284,29.23475],[114.307102,29.365225],[114.519602,29.325578],[114.67297,29.395993],[114.895325,29.397557],[114.947063,29.465317],[114.860216,29.476258],[115.00065,29.572076],[115.154019,29.510117],[115.113367,29.684963],[115.28583,29.618391],[115.470612,29.739539],[115.51188,29.840299],[115.667712,29.850161],[115.909777,29.723949],[116.13521,29.819532],[116.065609,30.204569],[115.903001,30.31364],[115.910393,30.519046],[115.762567,30.685426],[115.851262,30.756938],[115.865429,30.864364],[116.071769,30.956787],[115.867277,31.147512],[115.778582,31.112164],[115.655394,31.211002],[115.585793,31.143926],[115.373909,31.405813],[115.250722,31.392021],[115.235939,31.555354],[115.16449,31.604808],[115.096121,31.508425],[114.830035,31.45892],[114.641558,31.582378],[114.560869,31.560963],[114.586123,31.762172],[114.292936,31.752503],[114.191922,31.852192],[113.988662,31.749959],[113.957865,31.852701],[113.854387,31.843042],[113.757685,31.98985],[113.735511,32.410677],[113.428773,32.270618],[113.211962,32.431895],[113.155912,32.380863],[113.025949,32.425328],[112.735841,32.356095],[112.545516,32.404109],[112.328089,32.321712],[111.640701,32.634724],[111.577875,32.593388],[111.475629,32.760127],[111.255123,32.883846],[111.258819,33.006389],[111.152877,33.039507],[111.179363,33.115229],[111.045704,33.169849]]]]}},{"type":"Feature","properties":{"name":"湖南省","adcode":430000,"center":[112.982279,28.19409],"centroid":[111.711649,27.629216],"level":"province"},"geometry":{"type":"MultiPolygon","coordinates":[[[[112.024431,24.740308],[112.167329,24.859828],[112.119902,24.963499],[112.187039,25.182494],[112.660081,25.132658],[112.780805,24.896747],[112.873812,24.896747],[112.994536,24.927142],[112.96805,25.141869],[113.034572,25.198199],[112.867036,25.249632],[112.854718,25.337829],[112.924319,25.296714],[113.248919,25.514031],[113.584606,25.306453],[113.814967,25.328634],[113.94493,25.441635],[113.983118,25.599336],[113.913517,25.701299],[114.028082,25.893119],[114.008372,26.015806],[114.237501,26.152333],[114.181451,26.214631],[113.962792,26.150722],[114.10877,26.56952],[113.860546,26.664221],[113.835909,26.806394],[113.927068,26.948922],[113.771851,27.096598],[113.872865,27.384988],[113.616635,27.345658],[113.579062,27.545354],[113.763228,27.799228],[113.752141,27.93361],[114.025618,28.031382],[113.992357,28.161255],[114.107538,28.182885],[114.2529,28.319423],[114.252284,28.395787],[114.172212,28.432632],[114.218407,28.48472],[114.08598,28.558337],[114.153734,28.829221],[113.973879,28.937692],[113.94185,29.047097],[113.816199,29.105154],[113.696091,29.077437],[113.693011,29.226394],[113.609859,29.25146],[113.755221,29.446557],[113.630801,29.523137],[113.73859,29.579363],[113.663446,29.684443],[113.547033,29.675603],[113.571671,29.849123],[113.078304,29.438218],[113.057362,29.522616],[112.950188,29.473132],[112.912,29.606944],[113.025949,29.772791],[112.944645,29.682883],[112.861493,29.78318],[112.693957,29.601741],[112.439574,29.633997],[112.291133,29.517409],[112.244322,29.659483],[112.065699,29.681323],[112.07617,29.743696],[111.965917,29.832512],[111.75773,29.92021],[111.394325,29.912948],[111.242188,30.040476],[110.929907,30.063268],[110.851067,30.126439],[110.746973,30.112979],[110.712481,30.033223],[110.497518,30.055499],[110.557264,29.988137],[110.49875,29.91243],[110.642879,29.775907],[110.562807,29.712515],[110.372482,29.633477],[110.113788,29.789932],[109.869876,29.774869],[109.755311,29.733304],[109.717739,29.615269],[109.516326,29.626194],[109.433791,29.530948],[109.352487,29.284872],[109.257632,29.222738],[109.240386,29.086328],[109.319842,29.042388],[109.241002,28.776779],[109.2989,28.7474],[109.192958,28.636104],[109.319842,28.579886],[109.268719,28.33786],[109.388211,28.268307],[109.298284,28.036136],[109.378972,28.034551],[109.30198,27.956343],[109.366653,27.721909],[109.470747,27.680049],[109.461508,27.567637],[109.300132,27.423774],[109.141835,27.448207],[109.103647,27.336621],[108.79075,27.084343],[108.942887,27.017186],[109.032814,27.104056],[109.128901,27.122701],[109.101183,27.06889],[109.165857,27.066758],[109.239154,27.14933],[109.472595,27.134951],[109.454733,27.069423],[109.520022,27.058764],[109.555131,26.946788],[109.436254,26.892359],[109.509551,26.877947],[109.528645,26.743881],[109.597015,26.756173],[109.283501,26.698445],[109.407305,26.533116],[109.271183,26.327863],[109.351255,26.264016],[109.467051,26.313917],[109.439334,26.238789],[109.513863,26.128157],[109.452885,26.055598],[109.513247,25.998056],[109.635203,26.047533],[109.730057,25.989988],[109.685094,25.880197],[109.811361,25.877504],[109.782412,25.996981],[109.970274,26.195301],[110.099005,26.168985],[110.065128,26.050221],[110.181541,26.060437],[110.257301,25.961473],[110.612083,26.333764],[110.836284,26.255966],[110.939762,26.286554],[110.974255,26.385778],[111.277913,26.272066],[111.267442,26.058824],[111.189834,25.953402],[111.251428,25.864581],[111.376463,25.906039],[111.4861,25.859196],[111.43313,25.84627],[111.442369,25.77192],[111.30871,25.720171],[111.32842,25.521592],[111.103602,25.285351],[111.112841,25.21715],[110.998892,25.161371],[110.968711,24.975434],[111.009363,24.921172],[111.100522,24.945593],[111.101754,25.035095],[111.274833,25.151078],[111.435593,25.093642],[111.467622,25.02208],[111.451608,24.665822],[111.570484,24.64461],[111.708455,24.788673],[112.024431,24.740308]]]]}},{"type":"Feature","properties":{"name":"广东省","adcode":440000,"center":[113.280637,23.125178],"centroid":[113.429919,23.334643],"level":"province"},"geometry":{"type":"MultiPolygon","coordinates":[[[[113.558736,22.212244],[113.669605,22.416539],[113.573519,22.41156],[113.740438,22.534329],[113.678228,22.726007],[113.733663,22.736494],[113.893807,22.442539],[114.381631,22.60175],[114.506667,22.438667],[114.628623,22.513875],[114.559022,22.583517],[114.603369,22.638763],[114.51529,22.655332],[114.709927,22.787817],[114.746267,22.581859],[114.866375,22.591805],[114.88547,22.538751],[115.076411,22.788368],[115.190975,22.77347],[115.190359,22.818711],[115.338185,22.776781],[115.381301,22.684048],[115.575322,22.650914],[115.609198,22.753052],[115.541445,22.755259],[115.654162,22.865591],[115.829089,22.734838],[116.05637,22.844635],[116.104413,22.816505],[116.302746,22.951588],[116.50539,22.930645],[116.576839,23.014397],[116.566368,23.134424],[116.806584,23.200998],[116.782563,23.313714],[116.888504,23.501543],[117.192778,23.5619],[117.192778,23.629356],[117.055424,23.694038],[116.955642,23.922359],[116.9347,24.126794],[116.998757,24.179217],[116.759157,24.545572],[116.815207,24.654944],[116.530027,24.604895],[116.375427,24.803885],[116.395137,24.877746],[116.244232,24.793563],[116.191877,24.877203],[116.068073,24.850053],[115.89253,24.936911],[115.907313,24.879917],[115.824161,24.909232],[115.756408,24.749004],[115.843871,24.562446],[115.68927,24.545027],[115.412714,24.79302],[115.104744,24.667997],[114.909491,24.661471],[114.868839,24.562446],[114.729637,24.608704],[114.704999,24.525973],[114.664963,24.583673],[114.429058,24.48622],[114.169132,24.689749],[114.336052,24.749004],[114.395798,24.951019],[114.561485,25.077382],[114.735796,25.121822],[114.685905,25.173287],[114.743188,25.274528],[114.541159,25.416773],[114.382863,25.317274],[114.039785,25.250714],[114.003444,25.442716],[113.887032,25.436772],[113.814967,25.328634],[113.584606,25.306453],[113.226129,25.50971],[112.924319,25.296714],[112.854718,25.337829],[112.867036,25.249632],[113.034572,25.198199],[112.96805,25.141869],[112.994536,24.927142],[112.873812,24.896747],[112.780805,24.896747],[112.660081,25.132658],[112.187039,25.182494],[112.119902,24.963499],[112.167329,24.859828],[111.939432,24.686487],[112.05954,24.339628],[111.877222,24.227252],[111.940664,23.987989],[111.854432,23.947521],[111.8107,23.80688],[111.654868,23.833159],[111.615448,23.639225],[111.487332,23.626615],[111.399869,23.469159],[111.353058,23.284582],[111.433746,23.036428],[111.358601,22.889301],[111.218167,22.748085],[111.058023,22.729871],[111.055559,22.648705],[110.749437,22.556991],[110.74143,22.464109],[110.688459,22.477935],[110.787009,22.28259],[110.646575,22.220554],[110.678604,22.172901],[110.55788,22.196175],[110.505525,22.14297],[110.34846,22.195621],[110.391576,21.89386],[109.999839,21.881643],[109.916071,21.668787],[109.778101,21.670455],[109.742992,21.616497],[109.785492,21.45673],[109.904368,21.429992],[109.757775,21.346963],[109.655529,20.929435],[109.74484,20.621124],[109.888354,20.475423],[109.909296,20.236961],[110.349076,20.258859],[110.54125,20.42047],[110.466105,20.680485],[110.392192,20.682724],[110.393424,20.816479],[110.184005,20.891979],[110.208642,21.050684],[110.241903,21.016051],[110.422373,21.190807],[110.626249,21.215915],[110.768531,21.364799],[111.034617,21.438906],[111.28284,21.485691],[111.28592,21.41885],[111.444217,21.514088],[111.650556,21.512418],[111.736788,21.609821],[111.810084,21.555283],[111.972692,21.603144],[112.026895,21.633744],[111.956062,21.710494],[112.136532,21.793871],[112.238778,21.702153],[112.353343,21.707157],[112.445734,21.803317],[112.647146,21.758302],[112.792508,21.921067],[112.929862,21.838875],[113.047507,21.956595],[113.086927,22.12634],[113.266781,21.871646],[113.567359,22.075327],[113.558736,22.212244]]],[[[117.024627,23.437865],[117.142887,23.400522],[117.129336,23.483431],[117.024627,23.437865]]],[[[112.853486,21.740515],[112.70566,21.679354],[112.780189,21.671568],[112.730914,21.613715],[112.775261,21.564189],[112.853486,21.740515]]],[[[112.530733,21.583667],[112.665624,21.642644],[112.663776,21.714386],[112.530733,21.583667]]],[[[110.43346,21.171276],[110.544945,21.083633],[110.632409,21.210893],[110.43346,21.171276]]],[[[110.517844,21.079166],[110.305961,21.0881],[110.201251,20.938378],[110.407591,20.990351],[110.535706,20.922727],[110.560344,21.061295],[110.517844,21.079166]]],[[[116.769628,20.771721],[116.889736,20.683284],[116.749302,20.600958],[116.862635,20.588633],[116.925461,20.726949],[116.769628,20.771721]]],[[[110.644727,20.935584],[110.584365,20.948998],[110.562807,20.861224],[110.644727,20.935584]]],[[[115.943037,21.097592],[116.067457,21.04063],[116.024341,21.12439],[115.943037,21.097592]]]]}},{"type":"Feature","properties":{"name":"广西壮族自治区","adcode":450000,"center":[108.320004,22.82402],"centroid":[108.7944,23.833381],"level":"province"},"geometry":{"type":"MultiPolygon","coordinates":[[[[109.48245,26.029788],[109.339552,25.83442],[109.340168,25.731493],[109.207125,25.740119],[109.206509,25.788087],[109.147995,25.741736],[109.095024,25.80533],[108.896076,25.71424],[109.07901,25.72071],[109.030966,25.629556],[109.088249,25.550752],[109.024807,25.51241],[108.814772,25.526992],[108.783975,25.628477],[108.68912,25.623081],[108.68912,25.533473],[108.6072,25.491885],[108.625062,25.308076],[108.348506,25.536173],[108.251803,25.430286],[108.162492,25.444878],[108.115065,25.210112],[107.762747,25.125073],[107.762131,25.229061],[107.700537,25.194408],[107.659885,25.316192],[107.472024,25.213902],[107.420901,25.392987],[107.318039,25.401637],[107.336517,25.461089],[107.205322,25.607971],[107.064272,25.559391],[106.963874,25.437852],[107.012533,25.352973],[106.975577,25.232851],[106.644817,25.164621],[106.442173,25.019369],[106.145291,24.954275],[106.206269,24.851139],[106.173008,24.760417],[106.024566,24.633186],[105.942031,24.725088],[105.827466,24.702799],[105.497322,24.809318],[105.428337,24.930941],[105.267577,24.929313],[105.212758,24.995505],[105.077868,24.918459],[105.03352,24.787586],[104.729246,24.617953],[104.529682,24.731611],[104.520443,24.535228],[104.70892,24.321087],[104.703377,24.419757],[104.765587,24.45953],[105.106817,24.414853],[105.188121,24.347261],[105.164715,24.288362],[105.24294,24.208695],[105.182577,24.167205],[105.260186,24.061236],[105.320548,24.116416],[105.493011,24.016965],[105.533663,24.130071],[105.594641,24.137718],[105.649459,24.032816],[105.89214,24.040468],[105.919241,24.122425],[106.04982,24.089649],[106.192718,23.879135],[106.136667,23.795381],[106.141595,23.569579],[105.999929,23.447748],[105.852103,23.526786],[105.637757,23.404366],[105.699966,23.327453],[105.649459,23.346136],[105.526272,23.234548],[105.574931,23.066165],[105.724604,23.06231],[105.879205,22.916865],[106.153914,22.988505],[106.366413,22.857871],[106.525941,22.946628],[106.838838,22.803265],[106.711955,22.575228],[106.61402,22.602303],[106.560434,22.455813],[106.562897,22.345706],[106.663296,22.33076],[106.688549,22.260438],[106.698404,21.959925],[106.73844,22.008205],[106.999598,21.947714],[107.05996,21.914959],[107.018077,21.81943],[107.242279,21.703265],[107.310648,21.733844],[107.388256,21.594241],[107.477567,21.659888],[107.547168,21.58645],[107.863761,21.650988],[107.958,21.534131],[108.108289,21.508521],[108.241332,21.599805],[108.230245,21.491259],[108.492635,21.554727],[108.626294,21.67991],[108.745786,21.602587],[109.138756,21.567528],[109.142451,21.511861],[109.039589,21.457844],[109.138756,21.388762],[109.529877,21.437234],[109.612413,21.556953],[109.785492,21.45673],[109.742992,21.616497],[109.778101,21.670455],[109.916071,21.668787],[109.94502,21.84443],[110.391576,21.89386],[110.34846,22.195621],[110.505525,22.14297],[110.55788,22.196175],[110.678604,22.172901],[110.646575,22.220554],[110.787009,22.28259],[110.688459,22.477935],[110.74143,22.464109],[110.749437,22.556991],[111.055559,22.648705],[111.058023,22.729871],[111.218167,22.748085],[111.358601,22.889301],[111.433746,23.036428],[111.353058,23.284582],[111.399869,23.469159],[111.487332,23.626615],[111.615448,23.639225],[111.654868,23.833159],[111.8107,23.80688],[111.854432,23.947521],[111.911714,23.943693],[111.877222,24.227252],[111.986243,24.25672],[112.057692,24.387057],[111.927729,24.629378],[112.024431,24.740308],[111.708455,24.788673],[111.570484,24.64461],[111.431282,24.687574],[111.467622,25.02208],[111.375231,25.128324],[111.274833,25.151078],[111.101754,25.035095],[111.100522,24.945593],[111.009363,24.921172],[110.968711,24.975434],[110.998892,25.161371],[111.112841,25.21715],[111.103602,25.285351],[111.32842,25.521592],[111.30871,25.720171],[111.442369,25.77192],[111.43313,25.84627],[111.4861,25.859196],[111.376463,25.906039],[111.251428,25.864581],[111.189834,25.953402],[111.267442,26.058824],[111.277913,26.272066],[110.974255,26.385778],[110.939762,26.286554],[110.836284,26.255966],[110.612083,26.333764],[110.257301,25.961473],[110.181541,26.060437],[110.065128,26.050221],[110.099005,26.168985],[109.970274,26.195301],[109.782412,25.996981],[109.826144,25.911422],[109.779333,25.866196],[109.685094,25.880197],[109.730057,25.989988],[109.635203,26.047533],[109.48245,26.029788]]]]}},{"type":"Feature","properties":{"name":"海南省","adcode":460000,"center":[110.33119,20.031971],"centroid":[109.754859,19.189767],"level":"province"},"geometry":{"type":"MultiPolygon","coordinates":[[[[110.106396,20.026812],[109.997375,19.980136],[109.657993,20.01163],[109.498464,19.873236],[109.300748,19.917693],[109.159082,19.79048],[109.147379,19.704863],[108.644772,19.349518],[108.591186,19.141592],[108.644772,18.486738],[108.881293,18.416344],[108.944735,18.314107],[109.108575,18.323766],[109.138756,18.268081],[109.584696,18.143579],[109.749767,18.193618],[109.785492,18.339672],[110.070672,18.376025],[110.116867,18.506602],[110.246215,18.609859],[110.499366,18.651824],[110.499366,18.751592],[110.578206,18.784458],[110.676756,19.286264],[110.920668,19.552668],[111.061718,19.612436],[111.043856,19.763448],[110.966248,20.018377],[110.808567,20.035808],[110.687843,20.163947],[110.526467,20.07516],[110.318279,20.108882],[110.106396,20.026812]]],[[[112.208597,3.876129],[112.280046,3.86777],[112.260336,3.917925],[112.208597,3.876129]]],[[[113.266165,8.125929],[113.349933,8.172137],[113.386273,8.289412],[113.266165,8.125929]]],[[[117.708319,15.182712],[117.726798,15.105303],[117.827812,15.111659],[117.72495,15.131302],[117.74466,15.217941],[117.838899,15.15903],[117.748355,15.230068],[117.708319,15.182712]]],[[[111.734324,16.19732],[111.813164,16.261676],[111.716462,16.249036],[111.789758,16.250186],[111.734324,16.19732]]],[[[111.649324,16.255931],[111.56802,16.162834],[111.690592,16.211112],[111.606825,16.177779],[111.649324,16.255931]]],[[[113.896887,7.607204],[114.058879,7.537794],[114.368696,7.638642],[114.540543,7.862201],[114.540543,7.945783],[114.414892,7.952895],[113.896887,7.607204]]],[[[115.837712,9.709775],[115.901153,9.67084],[115.925791,9.781734],[115.837712,9.709775]]],[[[114.617536,9.965688],[114.642173,9.917351],[114.685905,9.979245],[114.617536,9.965688]]],[[[109.463972,7.344339],[109.513247,7.320002],[109.709115,7.511095],[109.948716,7.522962],[109.653065,7.559745],[109.463972,7.344339]]],[[[112.476531,16.001247],[112.612037,16.039212],[112.462364,16.043813],[112.476531,16.001247]]],[[[114.469095,10.836261],[114.565181,10.836261],[114.587355,10.909138],[114.469095,10.836261]]],[[[116.48876,10.395686],[116.467202,10.309144],[116.644592,10.335051],[116.514629,10.34918],[116.526332,10.426883],[116.48876,10.395686]]],[[[115.16757,8.386523],[115.235939,8.321982],[115.315395,8.356326],[115.16757,8.386523]]],[[[109.936397,7.848566],[110.050346,7.846194],[110.078063,7.949339],[109.936397,7.848566]]],[[[110.459946,8.116449],[110.471032,8.072012],[110.554184,8.093935],[110.599764,8.156735],[110.459946,8.116449]]],[[[111.657947,8.672974],[111.665955,8.622683],[111.717694,8.6499],[111.657947,8.672974]]],[[[117.266691,10.69163],[117.418212,10.702803],[117.369553,10.7422],[117.266691,10.69163]]],[[[112.527654,5.79444],[112.562762,5.75931],[112.562146,5.820637],[112.527654,5.79444]]],[[[114.868223,7.983715],[114.907643,7.951117],[114.914419,8.00742],[114.868223,7.983715]]],[[[116.695099,16.345538],[116.738831,16.303612],[116.747454,16.360469],[116.695099,16.345538]]],[[[113.832213,19.158552],[113.920293,19.223551],[113.80696,19.222986],[113.832213,19.158552]]],[[[112.650842,5.106941],[112.655769,5.055676],[112.719211,5.075944],[112.650842,5.106941]]],[[[111.553854,7.807656],[111.585267,7.771487],[111.619759,7.840265],[111.553854,7.807656]]]]}},{"type":"Feature","properties":{"name":"重庆市","adcode":500000,"center":[106.504962,29.533155],"centroid":[107.8839,30.067297],"level":"province"},"geometry":{"type":"MultiPolygon","coordinates":[[[[106.37442,28.525742],[106.504999,28.544669],[106.474202,28.832891],[106.651593,28.649235],[106.564745,28.485247],[106.708259,28.450524],[106.756918,28.607211],[106.866556,28.624548],[106.889345,28.695966],[106.824056,28.756319],[106.923222,28.809821],[106.988512,28.776254],[107.016229,28.882685],[107.206554,28.868535],[107.24659,28.76209],[107.383945,28.848618],[107.441227,28.943977],[107.364235,29.00942],[107.401807,29.184603],[107.570574,29.218037],[107.589052,29.150113],[107.700537,29.141228],[107.749197,29.199754],[107.810791,29.139137],[107.810175,28.984295],[107.867457,28.960211],[108.070717,29.086328],[108.256115,29.040295],[108.306622,29.079006],[108.386078,28.803003],[108.332491,28.679166],[108.636149,28.621396],[108.573939,28.531],[108.580099,28.343128],[108.667562,28.334173],[108.697127,28.401051],[108.640461,28.456838],[108.709446,28.501026],[108.780279,28.42579],[108.738395,28.228241],[109.086401,28.184467],[109.153538,28.417369],[109.319842,28.579886],[109.192958,28.636104],[109.294588,28.722211],[109.235458,28.882161],[109.319842,29.042388],[109.139372,29.168927],[109.060531,29.403292],[108.919481,29.3261],[108.927488,29.435612],[108.866511,29.470527],[108.901003,29.604863],[108.690968,29.689642],[108.658939,29.854833],[108.601041,29.863656],[108.504338,29.707836],[108.371295,29.841337],[108.516041,29.885451],[108.581947,30.255759],[108.402092,30.376649],[108.42673,30.492233],[108.56778,30.468508],[108.688504,30.58759],[108.808612,30.491202],[109.042669,30.655571],[109.111654,30.646303],[109.143683,30.521108],[109.299516,30.630341],[109.35495,30.487076],[109.894513,30.899803],[110.082375,30.799614],[110.172918,30.978853],[110.119947,31.088592],[110.200019,31.158779],[110.118715,31.409899],[109.94502,31.47066],[109.969658,31.508935],[109.727594,31.548214],[109.731289,31.700582],[109.281654,31.716874],[109.27611,31.79931],[109.085785,31.929428],[108.509882,32.201266],[108.399013,32.194176],[108.452599,32.090296],[108.344194,32.067477],[108.351585,31.971575],[108.259194,31.967006],[108.535135,31.757592],[108.546838,31.665442],[108.344194,31.512506],[108.191441,31.492096],[108.185898,31.336831],[108.038688,31.252964],[108.089811,31.204859],[108.009123,31.109602],[108.060246,31.052197],[107.942602,30.989114],[107.994956,30.908533],[107.851443,30.792931],[107.739957,30.884396],[107.645103,30.821202],[107.483111,30.838675],[107.424597,30.74048],[107.516987,30.644759],[107.055649,30.040476],[106.981736,30.08502],[106.913367,30.025451],[106.732281,30.027005],[106.560434,30.31519],[106.232754,30.185947],[106.132356,30.323972],[105.792357,30.427234],[105.720292,30.252657],[105.624822,30.275918],[105.662394,30.210258],[105.536127,30.152834],[105.753553,30.018196],[105.738771,29.891159],[105.582938,29.819013],[105.529351,29.707836],[105.419714,29.688082],[105.305149,29.53199],[105.334099,29.441345],[105.441888,29.400686],[105.42033,29.31149],[105.695039,29.287482],[105.797285,28.936121],[106.001161,28.973824],[106.049204,28.906263],[106.206885,28.904691],[106.37442,28.525742]]]]}},{"type":"Feature","properties":{"name":"四川省","adcode":510000,"center":[104.065735,30.659462],"centroid":[102.693453,30.674545],"level":"province"},"geometry":{"type":"MultiPolygon","coordinates":[[[[101.167885,27.198311],[101.136472,27.023584],[101.365602,26.883819],[101.389623,26.723036],[101.513427,26.768463],[101.461688,26.606447],[101.395783,26.591998],[101.637847,26.388995],[101.586108,26.279579],[101.630455,26.224832],[101.737013,26.219463],[101.835563,26.04592],[101.929186,26.105588],[102.107808,26.068501],[102.245163,26.212483],[102.570995,26.362723],[102.638748,26.307479],[102.60056,26.250598],[102.709581,26.210336],[102.878964,26.364332],[102.998457,26.371839],[103.052659,26.555602],[102.896211,26.91264],[102.883892,27.299401],[102.941174,27.405711],[102.989833,27.367983],[103.141355,27.420586],[103.487512,27.794992],[103.55465,27.978543],[103.430846,28.044587],[103.573128,28.230877],[103.643961,28.260401],[103.701859,28.198709],[103.877402,28.316262],[103.781931,28.525216],[103.850917,28.66709],[103.953779,28.600906],[104.252509,28.660788],[104.425588,28.626649],[104.260516,28.536257],[104.282074,28.343128],[104.462544,28.241422],[104.402182,28.202928],[104.448994,28.113758],[104.304248,28.050926],[104.573413,27.840512],[104.888158,27.914574],[105.061853,28.096866],[105.270657,27.99704],[105.233084,27.895534],[105.313157,27.810874],[105.308229,27.704955],[105.508409,27.769048],[105.62359,27.666269],[106.306667,27.808756],[106.328225,27.952643],[106.206885,28.134343],[105.895219,28.119565],[105.824386,28.306251],[105.78743,28.335753],[105.730147,28.271997],[105.639604,28.324164],[105.62359,28.517854],[105.74493,28.616668],[105.884748,28.595126],[105.966668,28.761041],[106.379348,28.479986],[106.206885,28.904691],[106.049204,28.906263],[106.001161,28.973824],[105.797285,28.936121],[105.695039,29.287482],[105.459134,29.288526],[105.441888,29.400686],[105.334099,29.441345],[105.296526,29.571035],[105.738771,29.891159],[105.753553,30.018196],[105.536127,30.152834],[105.662394,30.210258],[105.624822,30.275918],[105.720292,30.252657],[105.825618,30.436006],[106.168696,30.303823],[106.232754,30.185947],[106.560434,30.31519],[106.732281,30.027005],[106.913367,30.025451],[106.975577,30.088127],[107.058113,30.043066],[107.516987,30.644759],[107.424597,30.74048],[107.483111,30.838675],[107.645103,30.821202],[107.739957,30.884396],[107.851443,30.792931],[107.994956,30.908533],[107.942602,30.989114],[108.060246,31.052197],[108.009123,31.109602],[108.089811,31.204859],[108.038688,31.252964],[108.185898,31.336831],[108.191441,31.492096],[108.344194,31.512506],[108.546838,31.665442],[108.535135,31.757592],[108.259194,31.967006],[108.370063,31.988835],[108.344194,32.067477],[108.452599,32.090296],[108.370063,32.172397],[108.480317,32.182527],[108.507418,32.245819],[108.240716,32.274666],[108.018362,32.2119],[107.979558,32.146051],[107.680827,32.397035],[107.456625,32.41775],[107.436299,32.529835],[107.382097,32.54043],[107.263836,32.403099],[107.212097,32.428864],[107.080286,32.542448],[107.066736,32.708779],[106.733513,32.739491],[106.421231,32.616579],[106.120037,32.719856],[106.044277,32.864747],[105.596489,32.69921],[105.467757,32.930071],[105.38091,32.876307],[105.448663,32.732946],[105.185041,32.617587],[105.026745,32.650346],[104.881999,32.600951],[104.820405,32.662943],[104.643015,32.661935],[104.294393,32.835586],[104.288234,32.942628],[104.426204,33.010906],[104.337509,33.038002],[104.378161,33.109214],[104.303632,33.304499],[104.420045,33.327004],[104.22048,33.404477],[104.176749,33.5996],[104.046169,33.686291],[103.520157,33.678323],[103.518309,33.807213],[103.35447,33.743539],[103.165376,33.805721],[103.119797,34.03466],[103.178927,34.079779],[103.100087,34.181828],[102.973203,34.205588],[102.911609,34.312923],[102.598712,34.14766],[102.649219,34.080275],[102.437336,34.087214],[102.392372,33.971651],[102.136142,33.965199],[102.324619,33.754486],[102.284583,33.719151],[102.342481,33.725622],[102.346793,33.605582],[102.477988,33.543254],[102.462589,33.449429],[102.258098,33.409472],[102.192192,33.337005],[102.200815,33.223434],[102.117047,33.288492],[102.08933,33.204908],[101.825708,33.119239],[101.769658,33.26898],[101.877447,33.314502],[101.946432,33.442937],[101.844186,33.602591],[101.663716,33.383991],[101.64955,33.323004],[101.735781,33.279987],[101.633535,33.101193],[101.487557,33.226938],[101.403174,33.225436],[101.381616,33.153316],[101.297232,33.262475],[101.124769,33.221431],[101.184515,33.041514],[101.124153,32.909976],[101.237486,32.825026],[101.157414,32.661431],[101.077342,32.68259],[100.93198,32.600447],[100.690532,32.678056],[100.645568,32.526303],[100.420135,32.73194],[100.378251,32.698707],[100.399193,32.756101],[100.258759,32.742511],[100.208252,32.606497],[100.109701,32.640268],[100.123252,32.837095],[99.877492,33.045527],[99.851007,32.941623],[99.764159,32.924545],[99.717964,32.732443],[99.376118,32.899927],[99.268944,32.878318],[99.196263,33.035493],[98.858728,33.150811],[98.759562,33.276985],[98.779888,33.370497],[98.648077,33.548741],[98.6567,33.64744],[98.407245,33.867362],[98.399854,34.085231],[98.028442,34.122892],[97.898479,34.209548],[97.665654,34.126855],[97.70261,34.036644],[97.629314,33.919523],[97.395257,33.889224],[97.373083,33.817655],[97.415583,33.605582],[97.523372,33.577166],[97.552321,33.465906],[97.754349,33.409972],[97.487648,33.168346],[97.523988,32.988822],[97.375547,32.956689],[97.347829,32.895907],[97.48272,32.654377],[98.218768,32.342444],[98.218768,32.234683],[98.434962,32.007613],[98.414636,31.832365],[98.887062,31.37465],[98.773113,31.249382],[98.643766,31.338876],[98.602498,31.192062],[98.806374,30.995783],[98.797135,30.87926],[98.957895,30.765166],[98.907388,30.698292],[99.068148,29.931621],[98.992387,29.677163],[99.114343,29.243628],[99.16485,28.425264],[99.374886,28.18183],[99.437095,28.398419],[99.403219,28.546246],[99.540573,28.623497],[99.625573,28.81454],[99.717964,28.846521],[99.755536,28.701216],[99.985281,28.529422],[100.057346,28.368934],[100.176223,28.325218],[100.153433,28.208202],[100.021006,28.147008],[100.170063,27.907699],[100.30865,27.861149],[100.311729,27.724028],[100.442924,27.86644],[100.54517,27.809286],[100.681293,27.923035],[101.042233,27.22173],[101.167885,27.198311]]]]}},{"type":"Feature","properties":{"name":"贵州省","adcode":520000,"center":[106.713478,26.578343],"centroid":[106.880455,26.826368],"level":"province"},"geometry":{"type":"MultiPolygon","coordinates":[[[[109.274262,28.494714],[109.153538,28.417369],[109.086401,28.184467],[108.772888,28.212949],[108.726692,28.282011],[108.780279,28.42579],[108.709446,28.501026],[108.640461,28.456838],[108.697127,28.401051],[108.667562,28.334173],[108.580099,28.343128],[108.573939,28.531],[108.636149,28.621396],[108.332491,28.679166],[108.386078,28.803003],[108.306622,29.079006],[108.256115,29.040295],[108.070717,29.086328],[107.867457,28.960211],[107.810175,28.984295],[107.810791,29.139137],[107.749197,29.199754],[107.700537,29.141228],[107.589052,29.150113],[107.570574,29.218037],[107.441227,29.203934],[107.369778,29.091558],[107.364235,29.00942],[107.441227,28.943977],[107.383945,28.848618],[107.24659,28.76209],[107.206554,28.868535],[107.016229,28.882685],[106.988512,28.776254],[106.923222,28.809821],[106.824056,28.756319],[106.889345,28.695966],[106.866556,28.624548],[106.756918,28.607211],[106.708259,28.450524],[106.564745,28.485247],[106.651593,28.649235],[106.474202,28.832891],[106.504999,28.544669],[106.403369,28.569901],[106.379348,28.479986],[105.966668,28.761041],[105.884748,28.595126],[105.74493,28.616668],[105.62359,28.517854],[105.639604,28.324164],[105.730147,28.271997],[105.78743,28.335753],[105.824386,28.306251],[105.895219,28.119565],[106.145291,28.162837],[106.266631,28.066769],[106.337464,27.859033],[106.242609,27.767459],[105.62359,27.666269],[105.508409,27.769048],[105.353809,27.748924],[105.182577,27.367451],[105.068013,27.418461],[104.871528,27.290891],[104.824717,27.3531],[104.539537,27.327583],[104.497037,27.414743],[104.363378,27.467855],[104.173053,27.263232],[103.932221,27.443958],[103.865699,27.28185],[103.601461,27.061962],[103.623019,27.007056],[103.704939,27.049171],[103.775156,26.951056],[103.705555,26.794642],[103.773308,26.716621],[103.763453,26.585041],[103.865699,26.512232],[104.067727,26.51491],[104.121314,26.638012],[104.353523,26.620893],[104.424356,26.709137],[104.684283,26.3772],[104.542616,26.253282],[104.441602,25.868889],[104.370769,25.730415],[104.328886,25.760602],[104.310407,25.647901],[104.428668,25.576126],[104.434827,25.472436],[104.556783,25.524832],[104.543232,25.400556],[104.646094,25.356759],[104.639935,25.295632],[104.826565,25.235558],[104.822869,25.170037],[104.753884,25.214443],[104.619609,25.060577],[104.713232,24.996048],[104.529682,24.731611],[104.729246,24.617953],[105.03352,24.787586],[105.077868,24.918459],[105.212758,24.995505],[105.267577,24.929313],[105.428337,24.930941],[105.497322,24.809318],[105.827466,24.702799],[105.942031,24.725088],[106.024566,24.633186],[106.173008,24.760417],[106.206269,24.851139],[106.145291,24.954275],[106.442173,25.019369],[106.644817,25.164621],[106.975577,25.232851],[107.012533,25.352973],[106.963874,25.437852],[107.064272,25.559391],[107.205322,25.607971],[107.336517,25.461089],[107.318039,25.401637],[107.420901,25.392987],[107.472024,25.213902],[107.659885,25.316192],[107.700537,25.194408],[107.762131,25.229061],[107.762747,25.125073],[107.839124,25.115861],[108.115065,25.210112],[108.162492,25.444878],[108.251803,25.430286],[108.308469,25.525912],[108.625062,25.308076],[108.6072,25.491885],[108.68912,25.533473],[108.68912,25.623081],[108.783975,25.628477],[108.814772,25.526992],[109.024807,25.51241],[109.088249,25.550752],[109.030966,25.629556],[109.07901,25.72071],[108.896076,25.71424],[109.095024,25.80533],[109.147995,25.741736],[109.206509,25.788087],[109.207125,25.740119],[109.340168,25.731493],[109.339552,25.83442],[109.48245,26.029788],[109.449805,26.101826],[109.513863,26.128157],[109.439334,26.238789],[109.467051,26.313917],[109.351255,26.264016],[109.271183,26.327863],[109.407305,26.533116],[109.283501,26.698445],[109.486761,26.759913],[109.436254,26.892359],[109.555131,26.946788],[109.520022,27.058764],[109.415312,27.154123],[109.239154,27.14933],[109.165857,27.066758],[109.101183,27.06889],[109.128901,27.122701],[109.032814,27.104056],[108.942887,27.017186],[108.79075,27.084343],[109.103647,27.336621],[109.141835,27.448207],[109.300132,27.423774],[109.461508,27.567637],[109.470747,27.680049],[109.332777,27.782815],[109.30198,27.956343],[109.378972,28.034551],[109.298284,28.036136],[109.388211,28.268307],[109.275494,28.313101],[109.274262,28.494714]]],[[[109.47629,26.829894],[109.522486,26.749226],[109.509551,26.877947],[109.47629,26.829894]]]]}},{"type":"Feature","properties":{"name":"云南省","adcode":530000,"center":[102.712251,25.040609],"centroid":[101.485106,25.008643],"level":"province"},"geometry":{"type":"MultiPolygon","coordinates":[[[[105.308229,27.704955],[105.313157,27.810874],[105.233084,27.895534],[105.270657,27.99704],[105.061853,28.096866],[104.888158,27.914574],[104.573413,27.840512],[104.508124,27.878078],[104.304248,28.050926],[104.448994,28.113758],[104.402182,28.202928],[104.44961,28.269889],[104.384936,28.329959],[104.314103,28.306778],[104.254357,28.403683],[104.260516,28.536257],[104.425588,28.626649],[104.252509,28.660788],[103.953779,28.600906],[103.850917,28.66709],[103.781931,28.525216],[103.877402,28.316262],[103.701859,28.198709],[103.643961,28.260401],[103.573128,28.230877],[103.430846,28.044587],[103.55465,27.978543],[103.487512,27.794992],[103.141355,27.420586],[102.989833,27.367983],[102.941174,27.405711],[102.883892,27.299401],[102.896211,26.91264],[103.052659,26.555602],[102.975667,26.340736],[102.878964,26.364332],[102.709581,26.210336],[102.60056,26.250598],[102.638748,26.307479],[102.570995,26.362723],[102.245163,26.212483],[102.107808,26.068501],[101.929186,26.105588],[101.835563,26.04592],[101.807846,26.156093],[101.586108,26.279579],[101.637847,26.388995],[101.395783,26.591998],[101.461688,26.606447],[101.513427,26.768463],[101.389623,26.723036],[101.365602,26.883819],[101.136472,27.023584],[101.167885,27.198311],[101.042233,27.22173],[100.681293,27.923035],[100.54517,27.809286],[100.442924,27.86644],[100.311729,27.724028],[100.30865,27.861149],[100.170063,27.907699],[100.021006,28.147008],[100.153433,28.208202],[100.176223,28.325218],[100.057346,28.368934],[99.985281,28.529422],[99.755536,28.701216],[99.717964,28.846521],[99.625573,28.81454],[99.540573,28.623497],[99.403219,28.546246],[99.412458,28.295186],[99.374886,28.18183],[99.306516,28.227714],[99.16485,28.425264],[99.113727,29.221171],[98.9813,29.204978],[99.013329,29.036632],[98.925866,28.978536],[98.917859,28.886877],[98.972677,28.832367],[98.852569,28.798283],[98.786048,28.998952],[98.624056,28.95864],[98.683802,28.740054],[98.594491,28.667615],[98.625903,28.489455],[98.740468,28.348395],[98.712135,28.229296],[98.389383,28.114814],[98.301303,28.384204],[98.208913,28.358401],[98.266811,28.242477],[98.139311,28.142259],[98.169492,27.851096],[98.317318,27.51935],[98.429419,27.549068],[98.444201,27.665209],[98.706591,27.553313],[98.781736,26.620893],[98.672715,26.239863],[98.720142,26.127082],[98.575396,26.118485],[98.705976,25.855426],[98.640686,25.798864],[98.529201,25.840884],[98.402317,25.593939],[98.314854,25.543193],[98.170724,25.620383],[98.137464,25.381633],[97.940363,25.214985],[97.839349,25.27074],[97.719857,25.080634],[97.729712,24.908689],[97.797465,24.845709],[97.547394,24.739221],[97.530147,24.443187],[97.669966,24.452993],[97.716161,24.358711],[97.665038,24.296544],[97.767284,24.258357],[97.754349,24.163929],[97.5283,23.926736],[97.647176,23.840823],[98.091268,24.085824],[98.547063,24.128433],[98.593875,24.08036],[98.876591,24.15137],[98.895069,24.098936],[98.673331,23.960647],[98.669019,23.800857],[98.784816,23.781691],[98.882134,23.620035],[98.80391,23.540504],[98.912315,23.426333],[98.889525,23.209249],[99.057677,23.164689],[99.106336,23.086536],[99.3484,23.12892],[99.528255,23.065614],[99.563363,22.925684],[99.446951,22.934503],[99.462965,22.844635],[99.31514,22.737598],[99.382277,22.493418],[99.251698,22.393301],[99.278183,22.34626],[99.156227,22.159599],[99.219669,22.110816],[99.972347,22.053141],[99.944014,21.821097],[99.991441,21.703821],[100.131875,21.699929],[100.131259,21.504066],[100.235353,21.466756],[100.437381,21.533017],[100.48296,21.458958],[100.579047,21.451717],[100.870386,21.67268],[101.123537,21.771642],[101.146943,21.560293],[101.225167,21.499055],[101.142631,21.409379],[101.244877,21.302364],[101.222088,21.234324],[101.290457,21.17853],[101.532521,21.252174],[101.605818,21.172392],[101.76473,21.147835],[101.833715,21.252731],[101.730238,21.336929],[101.754875,21.58478],[101.828788,21.617054],[101.747484,21.729953],[101.771506,21.833319],[101.606434,21.967695],[101.547304,22.238282],[101.625528,22.28259],[101.672339,22.47517],[101.774585,22.506135],[101.901469,22.384447],[101.907628,22.437007],[102.046214,22.458026],[102.145381,22.397727],[102.270416,22.419858],[102.384365,22.679631],[102.510633,22.774574],[102.569763,22.701164],[102.82353,22.623296],[103.030485,22.441432],[103.283021,22.678526],[103.323057,22.807678],[103.441317,22.753052],[103.529396,22.59291],[103.642113,22.794989],[103.964865,22.502265],[104.117618,22.808781],[104.261748,22.841877],[104.272835,22.73815],[104.375697,22.690122],[104.596203,22.846289],[104.737869,22.825882],[104.846275,22.926235],[104.804391,23.110207],[104.882615,23.163589],[105.238012,23.26424],[105.325475,23.390086],[105.542902,23.184495],[105.593409,23.312614],[105.699966,23.327453],[105.637757,23.404366],[105.852103,23.526786],[105.999929,23.447748],[106.141595,23.569579],[106.136667,23.795381],[106.192718,23.879135],[105.998081,24.120786],[105.796669,24.023524],[105.765256,24.073804],[105.649459,24.032816],[105.594641,24.137718],[105.533663,24.130071],[105.493011,24.016965],[105.320548,24.116416],[105.260186,24.061236],[105.182577,24.167205],[105.24294,24.208695],[105.164715,24.288362],[105.188121,24.347261],[105.106817,24.414853],[104.765587,24.45953],[104.703377,24.419757],[104.70892,24.321087],[104.575877,24.424661],[104.489646,24.653313],[104.539537,24.813663],[104.713232,24.996048],[104.619609,25.060577],[104.753884,25.214443],[104.822869,25.170037],[104.826565,25.235558],[104.639935,25.295632],[104.646094,25.356759],[104.543232,25.400556],[104.556783,25.524832],[104.434827,25.472436],[104.428668,25.576126],[104.310407,25.647901],[104.328886,25.760602],[104.370769,25.730415],[104.441602,25.868889],[104.460081,26.085702],[104.52845,26.114186],[104.592508,26.317672],[104.659645,26.335373],[104.665804,26.434019],[104.556783,26.590393],[104.459465,26.602701],[104.424356,26.709137],[104.353523,26.620893],[104.121314,26.638012],[104.067727,26.51491],[103.819504,26.529903],[103.705555,26.794642],[103.775156,26.951056],[103.704939,27.049171],[103.623019,27.007056],[103.601461,27.061962],[103.865699,27.28185],[103.932221,27.443958],[104.173053,27.263232],[104.363378,27.467855],[104.611602,27.306846],[104.824717,27.3531],[104.871528,27.290891],[105.068013,27.418461],[105.182577,27.367451],[105.308229,27.704955]]]]}},{"type":"Feature","properties":{"name":"西藏自治区","adcode":540000,"center":[91.132212,29.660361],"centroid":[88.388277,31.56375],"level":"province"},"geometry":{"type":"MultiPolygon","coordinates":[[[[89.711414,36.093272],[88.926091,36.36458],[88.766563,36.292259],[88.470912,36.48208],[87.570409,36.342409],[87.426895,36.42576],[87.149106,36.297565],[86.746282,36.291777],[86.2794,36.170608],[86.187625,36.130983],[86.199944,36.047801],[86.05335,35.842857],[85.691178,35.751114],[85.612953,35.651486],[85.373969,35.700101],[85.271107,35.788989],[85.053065,35.752086],[84.448828,35.550272],[84.45314,35.473303],[84.160569,35.359663],[84.005968,35.422599],[83.622238,35.335256],[83.127022,35.398699],[82.998907,35.484512],[82.967494,35.667532],[82.795031,35.688436],[82.731589,35.637868],[82.468583,35.717595],[82.336156,35.651486],[82.328149,35.559523],[82.034346,35.451855],[82.030034,35.321585],[81.68634,35.235599],[81.513261,35.23511],[81.363588,35.354783],[81.219458,35.319144],[81.09935,35.40748],[80.963844,35.310842],[80.689135,35.339162],[80.432904,35.449418],[80.267832,35.295701],[80.362687,35.20871],[80.257977,35.203331],[80.031311,35.034447],[80.034391,34.902033],[79.926602,34.849499],[79.861312,34.528166],[79.801566,34.478847],[79.039033,34.421601],[78.9257,34.155584],[78.661462,34.086718],[78.744614,33.980585],[78.779723,33.73259],[78.684868,33.654415],[78.84994,33.419963],[79.152366,33.184375],[79.162837,33.01191],[79.255844,32.942628],[79.225047,32.784281],[79.301423,32.728919],[79.252148,32.516715],[79.135736,32.472295],[79.103091,32.369744],[78.970664,32.331826],[78.782186,32.480373],[78.741534,32.703743],[78.395377,32.530339],[78.508709,32.297939],[78.430485,32.212407],[78.469905,32.127808],[78.762476,31.947203],[78.654687,31.819144],[78.845628,31.609905],[78.740303,31.532912],[78.792041,31.435944],[78.755085,31.355742],[78.997765,31.158779],[79.010084,31.043994],[79.181931,31.015788],[79.227511,30.949088],[79.33222,30.969103],[79.316206,31.01784],[79.404901,31.071678],[79.59769,30.925989],[79.668523,30.980392],[79.913051,30.833022],[80.04363,30.603559],[80.633084,30.458707],[81.034677,30.246971],[81.131995,30.016124],[81.256415,30.011978],[81.269349,30.153351],[81.393769,30.199396],[81.418407,30.420525],[81.555761,30.369421],[81.63029,30.446842],[81.99123,30.322939],[82.104563,30.346182],[82.114418,30.226806],[82.207425,30.143519],[82.17786,30.06793],[82.560974,29.955476],[82.6238,29.834588],[82.737749,29.80655],[82.691553,29.766037],[82.830756,29.687562],[82.9484,29.704718],[83.266841,29.571035],[83.596368,29.174153],[83.911729,29.323491],[84.116837,29.286438],[84.203068,29.239972],[84.234481,28.889497],[84.408176,28.85386],[84.483321,28.735331],[84.620059,28.732182],[84.857196,28.567798],[85.126361,28.676016],[85.195963,28.624022],[85.113427,28.344708],[85.379512,28.274105],[85.520563,28.326798],[85.601251,28.254075],[85.720743,28.372093],[85.753388,28.227714],[85.854402,28.172334],[86.002227,27.90717],[86.125415,27.923035],[86.086611,28.090002],[86.19132,28.167058],[86.231972,27.974315],[86.414906,27.904526],[86.514689,27.954757],[86.568891,28.103201],[86.700086,28.101617],[87.227946,27.812991],[87.58088,27.859562],[87.727473,27.802933],[87.826639,27.927794],[88.111819,27.864852],[88.156783,27.957929],[88.401311,27.976958],[88.645223,28.111119],[88.764099,28.068353],[88.888519,27.846863],[88.783193,27.467324],[88.984605,27.208957],[89.182938,27.373829],[89.095474,27.471572],[89.238988,27.796581],[89.375727,27.875962],[89.511233,28.086307],[89.789638,28.240895],[90.03355,28.136981],[90.124709,28.190797],[90.297172,28.153868],[90.384019,28.06096],[90.591591,28.021345],[90.701844,28.076274],[90.96177,27.9537],[91.025828,27.857445],[91.113292,27.846333],[91.162567,27.968501],[91.251878,27.970615],[91.309776,28.057791],[91.464993,28.002852],[91.611586,27.891303],[91.544449,27.820401],[91.642383,27.7664],[91.562311,27.627569],[91.585101,27.540578],[91.71876,27.467324],[92.010715,27.474758],[92.064918,27.391365],[92.125896,27.273339],[92.02673,27.108318],[92.124664,26.960124],[92.109265,26.854991],[92.64698,26.952656],[93.111399,26.880082],[93.817265,27.025183],[93.849294,27.168499],[94.277372,27.58143],[94.524979,27.596282],[94.88592,27.743098],[95.28628,27.939955],[95.39715,28.142259],[95.832003,28.295186],[95.989067,28.198181],[96.275479,28.228241],[96.298269,28.140148],[96.426384,28.161782],[96.499681,28.067297],[96.972722,27.861149],[97.097758,27.740979],[97.253591,27.891832],[97.386634,27.882839],[97.413119,28.01342],[97.305945,28.071522],[97.349677,28.235623],[97.518445,28.327852],[97.485184,28.38631],[97.569567,28.541515],[97.68598,28.519958],[97.801161,28.326798],[97.907718,28.363141],[98.03337,28.187105],[98.139311,28.142259],[98.266811,28.242477],[98.208913,28.358401],[98.301303,28.384204],[98.389383,28.114814],[98.712135,28.229296],[98.740468,28.348395],[98.625903,28.489455],[98.594491,28.667615],[98.683802,28.740054],[98.624056,28.95864],[98.786048,28.998952],[98.852569,28.798283],[98.972677,28.832367],[98.917859,28.886877],[98.925866,28.978536],[99.013329,29.036632],[98.960974,29.165792],[99.113727,29.221171],[98.992387,29.677163],[99.068148,29.931621],[98.907388,30.698292],[98.957895,30.765166],[98.797135,30.87926],[98.806374,30.995783],[98.602498,31.192062],[98.643766,31.338876],[98.773113,31.249382],[98.887062,31.37465],[98.414636,31.832365],[98.434962,32.007613],[98.218768,32.234683],[98.218768,32.342444],[97.795617,32.521257],[97.3583,32.563635],[97.341054,32.440987],[97.424822,32.322723],[97.299786,32.294904],[97.264062,32.182527],[97.308409,32.076605],[97.006599,32.067984],[96.868629,31.964975],[96.722651,32.013195],[96.840295,31.720438],[96.778701,31.675629],[96.468884,31.769804],[96.389428,31.919777],[96.188632,31.904028],[96.178161,31.775401],[96.252073,31.697527],[96.156603,31.602769],[96.148595,31.686324],[95.983524,31.816601],[95.89914,31.81711],[95.823995,31.68225],[95.634286,31.782523],[95.511714,31.750468],[95.360809,31.95939],[95.454432,32.007613],[95.440265,32.157705],[95.31523,32.148585],[95.241317,32.3207],[95.079325,32.279726],[95.261643,32.348006],[95.218527,32.397035],[94.912405,32.41573],[94.614291,32.673522],[94.463386,32.572209],[94.395016,32.594397],[94.371611,32.524789],[94.196684,32.51621],[94.137554,32.433915],[93.861613,32.466237],[93.721795,32.578261],[93.516687,32.47583],[93.239514,32.662439],[93.069515,32.626156],[93.019624,32.737477],[92.866871,32.698203],[92.686401,32.76516],[92.634662,32.720863],[92.355641,32.764657],[92.255243,32.720863],[92.198577,32.754591],[92.205352,32.866255],[91.955897,32.8205],[91.839484,32.948152],[91.535826,33.10019],[91.436044,33.066092],[91.226624,33.141792],[91.147784,33.07211],[90.902024,33.083143],[90.405577,33.260473],[90.01076,33.553728],[90.008296,33.687785],[89.902355,33.758467],[89.942391,33.801246],[89.795181,33.865374],[89.635037,34.049537],[89.816739,34.16945],[89.86663,34.324785],[89.799493,34.39642],[89.798877,34.628686],[89.72558,34.660689],[89.732356,34.732035],[89.867862,34.81069],[89.78779,34.921664],[89.578987,34.895162],[89.593153,35.104491],[89.450255,35.223867],[89.531559,35.276161],[89.497067,35.361128],[89.765,35.482563],[89.699711,35.544916],[89.765616,35.599922],[89.726196,35.648082],[89.801957,35.848193],[89.550654,35.856924],[89.428082,35.917531],[89.404676,36.016827],[89.711414,36.093272]]]]}},{"type":"Feature","properties":{"name":"陕西省","adcode":610000,"center":[108.948024,34.263161],"centroid":[108.887114,35.263661],"level":"province"},"geometry":{"type":"MultiPolygon","coordinates":[[[[110.379257,34.600612],[110.229584,34.692679],[110.230816,34.880925],[110.609619,35.632031],[110.447011,36.164328],[110.496902,36.582102],[110.394656,36.676716],[110.447011,36.737649],[110.382953,37.022001],[110.690307,37.287201],[110.644111,37.435135],[110.740198,37.44939],[110.795017,37.558586],[110.775306,37.680886],[110.706321,37.705511],[110.735886,37.77035],[110.522771,37.955088],[110.509221,38.192061],[110.77777,38.440924],[110.874473,38.453579],[110.920052,38.581878],[110.880632,38.626776],[111.009363,38.847579],[110.980414,38.970056],[111.138095,39.064447],[111.247732,39.302419],[111.064182,39.400989],[111.136863,39.587106],[110.869545,39.494341],[110.702626,39.273701],[110.596684,39.282966],[110.524003,39.382952],[110.385417,39.310291],[110.152592,39.45415],[110.217881,39.281113],[109.962267,39.212056],[109.90252,39.271848],[109.871723,39.243581],[109.961035,39.191651],[109.92223,39.107183],[109.762086,39.057476],[109.624116,38.85457],[109.338936,38.701542],[109.367269,38.627711],[109.276726,38.623035],[109.054372,38.433892],[108.938575,38.207582],[109.06977,38.023008],[108.93488,37.922521],[108.797525,38.04799],[108.777815,37.683728],[108.134159,37.622131],[108.025137,37.649619],[107.982022,37.787378],[107.684523,37.888522],[107.620465,37.776026],[107.499125,37.765619],[107.311264,37.609806],[107.369162,37.58752],[107.257677,37.337179],[107.336517,37.165687],[107.268764,37.099367],[107.310032,36.912502],[107.907493,36.750118],[107.938906,36.655594],[108.006659,36.683435],[108.060862,36.592194],[108.163724,36.563839],[108.222854,36.631105],[108.210535,36.577296],[108.340498,36.559032],[108.460606,36.422871],[108.510498,36.47438],[108.651548,36.384818],[108.688504,36.021183],[108.499411,35.872444],[108.539447,35.605761],[108.625678,35.537124],[108.614591,35.328909],[107.949993,35.245375],[107.745501,35.311819],[107.652494,35.244886],[107.863145,34.999158],[107.638943,34.935402],[107.564415,34.968757],[107.523763,34.909886],[107.286626,34.931968],[107.252749,34.880925],[106.901664,35.094698],[106.541956,35.083925],[106.484673,34.983959],[106.575216,34.769897],[106.456956,34.703996],[106.471122,34.634102],[106.314058,34.578934],[106.334384,34.517811],[106.514238,34.511894],[106.717498,34.369255],[106.652825,34.24369],[106.526557,34.292159],[106.496376,34.238248],[106.585071,34.149641],[106.501919,34.105055],[106.41076,33.909093],[106.475434,33.875809],[106.482825,33.707203],[106.58076,33.576169],[106.540108,33.512822],[106.456956,33.532779],[106.447101,33.613058],[106.187174,33.546746],[105.971596,33.613058],[105.842248,33.489866],[105.827466,33.379993],[105.709822,33.382991],[105.799133,33.258471],[105.965436,33.204407],[105.968516,33.154318],[105.897067,33.146803],[105.917393,32.993841],[105.495475,32.873292],[105.596489,32.69921],[106.044277,32.864747],[106.120037,32.719856],[106.421231,32.616579],[106.733513,32.739491],[107.066736,32.708779],[107.080286,32.542448],[107.263836,32.403099],[107.382097,32.54043],[107.436299,32.529835],[107.456625,32.41775],[107.680827,32.397035],[107.979558,32.146051],[108.018362,32.2119],[108.240716,32.274666],[108.310933,32.232152],[108.469846,32.270618],[108.676801,32.10297],[109.085785,31.929428],[109.27611,31.79931],[109.281654,31.716874],[109.585928,31.726546],[109.633971,31.804396],[109.584696,31.900472],[109.621652,32.106519],[109.495385,32.300468],[109.631507,32.599943],[110.017701,32.546989],[110.206179,32.633212],[110.105164,32.832569],[109.789804,32.882339],[109.794731,33.067095],[109.438718,33.152314],[109.514479,33.237951],[109.619804,33.275484],[110.33799,33.160331],[110.471032,33.171352],[110.54125,33.255469],[110.702626,33.097182],[110.9219,33.203907],[111.025994,33.330504],[111.00382,33.578662],[110.823966,33.685793],[110.782082,33.796272],[110.587445,33.887733],[110.665669,33.937895],[110.587445,34.023252],[110.642264,34.161032],[110.43962,34.243196],[110.503677,34.33714],[110.360779,34.516825],[110.379257,34.600612]]]]}},{"type":"Feature","properties":{"name":"甘肃省","adcode":620000,"center":[103.823557,36.058039],"level":"province"},"geometry":{"type":"MultiPolygon","coordinates":[[[[106.506231,35.737514],[106.434782,35.688436],[106.501304,35.364056],[106.363333,35.238532],[106.173008,35.437716],[106.113262,35.361616],[106.071994,35.463555],[105.894603,35.413821],[106.047356,35.498155],[105.900147,35.54735],[105.847176,35.490359],[105.690727,35.698643],[105.759097,35.724883],[105.481924,35.727312],[105.428953,35.819082],[105.38091,35.792873],[105.343954,36.033767],[105.515185,36.147415],[105.362432,36.496514],[105.252179,36.553263],[105.201056,36.700711],[105.334714,36.80093],[105.178882,36.892403],[105.165331,36.99476],[104.95468,37.040156],[104.776673,37.246718],[104.638087,37.201923],[104.624536,37.298627],[104.713848,37.329566],[104.679971,37.408044],[104.183524,37.406618],[103.683381,37.777919],[103.40744,37.860651],[103.368636,38.08898],[103.53494,38.156776],[103.416063,38.404821],[103.85954,38.64454],[104.044322,38.895105],[104.196459,38.9882],[104.171205,39.160567],[104.047401,39.297788],[104.089901,39.419947],[103.85338,39.461543],[103.344615,39.331588],[103.007696,39.099753],[102.45335,39.255167],[101.902701,39.111827],[101.833715,39.08907],[102.075164,38.891378],[101.777049,38.66043],[101.601506,38.65529],[101.331109,38.777164],[101.33542,38.847113],[101.24303,38.860628],[101.198682,38.943064],[101.228863,39.020754],[100.969553,38.946788],[100.961545,39.005874],[100.835278,39.025869],[100.842053,39.405614],[100.498975,39.400527],[100.500823,39.481408],[100.326512,39.509118],[100.250135,39.685274],[99.822058,39.860063],[99.440791,39.885783],[99.841152,40.013326],[100.007455,40.20008],[100.169447,40.277743],[100.169447,40.541131],[100.242744,40.618855],[100.237201,40.716905],[100.107853,40.875475],[99.673,40.93292],[99.565827,40.846961],[99.174705,40.858278],[99.102025,40.676522],[98.984996,40.782644],[98.790975,40.705564],[98.802678,40.607043],[98.668403,40.773128],[98.569853,40.746836],[98.627751,40.677884],[98.344419,40.568413],[98.333332,40.918903],[97.971776,41.09774],[97.629314,41.440498],[97.84674,41.656379],[97.172903,42.795257],[96.386348,42.727592],[96.103632,42.604375],[95.978596,42.436762],[96.06606,42.414674],[96.040806,42.326688],[96.178161,42.21775],[96.077147,42.149457],[96.137509,42.019765],[96.054973,41.936124],[95.57146,41.796181],[95.299831,41.565994],[95.135991,41.772976],[94.861898,41.668451],[94.750413,41.538227],[94.534219,41.505966],[94.01067,41.114875],[93.809874,40.879548],[93.760599,40.664721],[92.928465,40.572504],[92.906907,40.310609],[92.796654,40.153897],[92.639589,39.514196],[92.339011,39.236628],[92.41046,39.03842],[92.545966,39.111362],[93.115094,39.17959],[93.198246,39.045857],[93.179152,38.923977],[93.729186,38.924443],[93.884403,38.867618],[93.756287,38.807484],[93.885018,38.720689],[94.370379,38.7627],[94.56132,38.351807],[94.973999,38.430142],[95.122441,38.417014],[95.259179,38.302981],[95.455664,38.291709],[95.703887,38.400131],[96.06606,38.173245],[96.264392,38.145952],[96.378341,38.277146],[96.665369,38.23015],[96.626564,38.356031],[96.707868,38.459203],[96.6666,38.483567],[96.780549,38.504177],[96.7941,38.608072],[96.961019,38.558015],[97.055874,38.594508],[96.940693,38.90768],[97.012142,39.142004],[96.962251,39.198144],[97.347213,39.167528],[98.091884,38.786495],[98.242173,38.880664],[98.280977,39.027263],[98.584635,38.93003],[98.743548,39.086747],[98.816845,39.085818],[99.107568,38.951907],[99.068764,38.896968],[99.65945,38.449361],[100.126332,38.231561],[100.182998,38.222158],[100.163904,38.328337],[100.001296,38.467169],[100.064122,38.518694],[100.432453,38.275267],[100.71517,38.253652],[100.860531,38.148305],[100.913502,38.17889],[100.895024,38.013107],[101.103211,37.946593],[101.202994,37.84742],[101.362522,37.791162],[101.459224,37.86632],[101.598427,37.827569],[101.815853,37.654357],[101.998787,37.724921],[102.131214,37.54625],[102.103497,37.482641],[102.428097,37.308624],[102.642444,37.099845],[102.488459,37.078362],[102.450271,36.968467],[102.720052,36.767858],[102.601176,36.710307],[102.761936,36.568645],[102.845704,36.331803],[103.066826,36.216974],[102.882044,36.082632],[102.968276,36.044414],[102.94487,35.829757],[102.787189,35.862745],[102.686175,35.771996],[102.808747,35.560496],[102.743458,35.494745],[102.503241,35.585322],[102.447807,35.437229],[102.293822,35.424063],[102.280887,35.303028],[102.404075,35.179366],[102.094874,34.986901],[102.068388,34.887798],[101.916867,34.873561],[101.934729,34.58731],[102.155852,34.507456],[102.259329,34.355917],[102.186649,34.352952],[102.149692,34.271885],[102.067772,34.293642],[101.955055,34.109514],[101.851578,34.153108],[101.718535,34.083249],[101.53868,34.212022],[100.951074,34.38358],[100.821727,34.317371],[100.764445,34.178857],[100.994806,33.891707],[101.153718,33.8445],[101.166653,33.659894],[101.58426,33.674339],[101.622448,33.502343],[101.884222,33.578163],[101.946432,33.442937],[101.877447,33.314502],[101.769658,33.26898],[101.865744,33.103198],[101.935345,33.186879],[102.08933,33.204908],[102.117047,33.288492],[102.200815,33.223434],[102.192192,33.337005],[102.258098,33.409472],[102.462589,33.449429],[102.477988,33.543254],[102.346793,33.605582],[102.342481,33.725622],[102.284583,33.719151],[102.324619,33.754486],[102.136142,33.965199],[102.392372,33.971651],[102.437336,34.087214],[102.649219,34.080275],[102.598712,34.14766],[102.911609,34.312923],[102.973203,34.205588],[103.100087,34.181828],[103.178927,34.079779],[103.119797,34.03466],[103.165376,33.805721],[103.35447,33.743539],[103.518309,33.807213],[103.520157,33.678323],[104.046169,33.686291],[104.176749,33.5996],[104.22048,33.404477],[104.420045,33.327004],[104.303632,33.304499],[104.378161,33.109214],[104.337509,33.038002],[104.426204,33.010906],[104.288234,32.942628],[104.294393,32.835586],[104.643015,32.661935],[104.820405,32.662943],[104.881999,32.600951],[105.026745,32.650346],[105.111128,32.593893],[105.448663,32.732946],[105.38091,32.876307],[105.414171,32.922034],[105.590329,32.87681],[105.861959,32.939112],[105.926632,33.042517],[105.897067,33.146803],[105.968516,33.154318],[105.965436,33.204407],[105.799133,33.258471],[105.709822,33.382991],[105.827466,33.379993],[105.902611,33.556222],[105.971596,33.613058],[106.187174,33.546746],[106.447101,33.613058],[106.456956,33.532779],[106.540108,33.512822],[106.58076,33.576169],[106.482825,33.707203],[106.475434,33.875809],[106.41076,33.909093],[106.501919,34.105055],[106.585071,34.149641],[106.496376,34.238248],[106.526557,34.292159],[106.652825,34.24369],[106.717498,34.369255],[106.514238,34.511894],[106.334384,34.517811],[106.314058,34.578934],[106.471122,34.634102],[106.456956,34.703996],[106.575216,34.769897],[106.484673,34.983959],[106.541956,35.083925],[106.901664,35.094698],[107.252749,34.880925],[107.286626,34.931968],[107.523763,34.909886],[107.564415,34.968757],[107.638943,34.935402],[107.863145,34.999158],[107.652494,35.244886],[107.745501,35.311819],[107.949993,35.245375],[108.614591,35.328909],[108.625678,35.537124],[108.539447,35.605761],[108.499411,35.872444],[108.688504,36.021183],[108.712526,36.138716],[108.618903,36.433946],[108.510498,36.47438],[108.460606,36.422871],[108.340498,36.559032],[108.210535,36.577296],[108.222854,36.631105],[108.163724,36.563839],[108.060862,36.592194],[108.006659,36.683435],[107.938906,36.655594],[107.907493,36.750118],[107.310032,36.912502],[107.268764,37.099367],[107.181916,37.143269],[106.605397,37.127524],[106.64297,36.962729],[106.540108,36.984244],[106.657752,36.820575],[106.644817,36.72278],[106.514238,36.715584],[106.444637,36.557109],[106.37134,36.549417],[106.523477,36.468605],[106.504383,36.266207],[106.833295,36.229044],[106.957715,36.091337],[106.940468,35.931101],[106.849925,35.887476],[106.927534,35.810346],[106.897353,35.759856],[106.750759,35.689408],[106.506231,35.737514]]]]}},{"type":"Feature","properties":{"name":"青海省","adcode":630000,"center":[101.778916,36.623178],"centroid":[96.043533,35.726403],"level":"province"},"geometry":{"type":"MultiPolygon","coordinates":[[[[102.829689,36.365544],[102.761936,36.568645],[102.601176,36.710307],[102.720052,36.767858],[102.450271,36.968467],[102.488459,37.078362],[102.642444,37.099845],[102.599944,37.174748],[102.103497,37.482641],[102.131214,37.54625],[101.998787,37.724921],[101.815853,37.654357],[101.598427,37.827569],[101.459224,37.86632],[101.362522,37.791162],[101.202994,37.84742],[101.103211,37.946593],[100.895024,38.013107],[100.913502,38.17889],[100.860531,38.148305],[100.71517,38.253652],[100.432453,38.275267],[100.064122,38.518694],[100.001296,38.467169],[100.163904,38.328337],[100.182998,38.222158],[100.126332,38.231561],[99.65945,38.449361],[99.068764,38.896968],[99.107568,38.951907],[98.816845,39.085818],[98.743548,39.086747],[98.584635,38.93003],[98.280977,39.027263],[98.242173,38.880664],[98.091884,38.786495],[97.347213,39.167528],[96.962251,39.198144],[97.012142,39.142004],[96.940693,38.90768],[97.055874,38.594508],[96.961019,38.558015],[96.7941,38.608072],[96.780549,38.504177],[96.6666,38.483567],[96.707868,38.459203],[96.626564,38.356031],[96.665369,38.23015],[96.378341,38.277146],[96.264392,38.145952],[96.06606,38.173245],[95.703887,38.400131],[95.455664,38.291709],[95.259179,38.302981],[95.122441,38.417014],[94.973999,38.430142],[94.56132,38.351807],[94.370379,38.7627],[93.885018,38.720689],[93.756287,38.807484],[93.884403,38.867618],[93.729186,38.924443],[93.179152,38.923977],[93.198246,39.045857],[93.115094,39.17959],[92.489916,39.099753],[92.380279,38.999828],[91.298689,38.746365],[90.619308,38.664636],[90.608837,38.594508],[90.427135,38.493873],[90.130868,38.494341],[90.111774,38.418889],[90.179528,38.396848],[90.137644,38.340543],[90.280542,38.238142],[90.531229,38.319886],[90.519526,37.730601],[90.777605,37.648672],[90.958075,37.477891],[91.073256,37.475992],[91.1909,37.205737],[91.280211,37.163779],[91.303617,37.012444],[90.853981,36.915373],[90.732025,36.825844],[90.706156,36.658955],[90.741264,36.585947],[91.035683,36.529703],[91.026444,36.323607],[91.124994,36.115514],[90.979017,36.106811],[90.850285,36.016827],[90.659344,36.13485],[90.23681,36.160462],[90.003369,36.278752],[89.941159,36.067637],[89.688624,36.091337],[89.404676,36.016827],[89.428082,35.917531],[89.550654,35.856924],[89.801957,35.848193],[89.726196,35.648082],[89.765616,35.599922],[89.699711,35.544916],[89.765,35.482563],[89.497067,35.361128],[89.531559,35.276161],[89.450255,35.223867],[89.593153,35.104491],[89.578987,34.895162],[89.78779,34.921664],[89.867862,34.81069],[89.732356,34.732035],[89.72558,34.660689],[89.798877,34.628686],[89.799493,34.39642],[89.86663,34.324785],[89.816739,34.16945],[89.635037,34.049537],[89.795181,33.865374],[89.942391,33.801246],[89.902355,33.758467],[90.008296,33.687785],[90.01076,33.553728],[90.246665,33.423959],[90.363077,33.279487],[90.902024,33.083143],[91.147784,33.07211],[91.226624,33.141792],[91.436044,33.066092],[91.535826,33.10019],[91.839484,32.948152],[91.955897,32.8205],[92.205352,32.866255],[92.198577,32.754591],[92.255243,32.720863],[92.355641,32.764657],[92.634662,32.720863],[92.686401,32.76516],[92.866871,32.698203],[93.019624,32.737477],[93.069515,32.626156],[93.239514,32.662439],[93.516687,32.47583],[93.721795,32.578261],[93.861613,32.466237],[94.137554,32.433915],[94.196684,32.51621],[94.371611,32.524789],[94.395016,32.594397],[94.463386,32.572209],[94.614291,32.673522],[94.912405,32.41573],[95.218527,32.397035],[95.261643,32.348006],[95.079325,32.279726],[95.241317,32.3207],[95.31523,32.148585],[95.440265,32.157705],[95.454432,32.007613],[95.360809,31.95939],[95.511714,31.750468],[95.634286,31.782523],[95.823995,31.68225],[95.89914,31.81711],[95.983524,31.816601],[96.207726,31.598691],[96.252073,31.697527],[96.178161,31.775401],[96.188632,31.904028],[96.389428,31.919777],[96.468884,31.769804],[96.778701,31.675629],[96.840295,31.720438],[96.722651,32.013195],[96.868629,31.964975],[97.006599,32.067984],[97.308409,32.076605],[97.264062,32.182527],[97.299786,32.294904],[97.424822,32.322723],[97.332431,32.542448],[97.448843,32.586833],[97.50243,32.530844],[97.730944,32.527312],[97.42359,32.70475],[97.347829,32.895907],[97.375547,32.956689],[97.523988,32.988822],[97.487648,33.168346],[97.754349,33.409972],[97.552321,33.465906],[97.523372,33.577166],[97.415583,33.605582],[97.371851,33.842015],[97.629314,33.919523],[97.70261,34.036644],[97.665654,34.126855],[97.8104,34.207568],[98.206449,34.08424],[98.399854,34.085231],[98.407245,33.867362],[98.6567,33.64744],[98.648077,33.548741],[98.779888,33.370497],[98.759562,33.276985],[98.858728,33.150811],[99.196263,33.035493],[99.268944,32.878318],[99.376118,32.899927],[99.717964,32.732443],[99.764159,32.924545],[99.851007,32.941623],[99.877492,33.045527],[100.123252,32.837095],[100.088143,32.668988],[100.208252,32.606497],[100.258759,32.742511],[100.399193,32.756101],[100.378251,32.698707],[100.420135,32.73194],[100.645568,32.526303],[100.690532,32.678056],[100.93198,32.600447],[101.077342,32.68259],[101.157414,32.661431],[101.237486,32.825026],[101.124153,32.909976],[101.184515,33.041514],[101.124769,33.221431],[101.297232,33.262475],[101.381616,33.153316],[101.403174,33.225436],[101.487557,33.226938],[101.633535,33.101193],[101.735781,33.279987],[101.64955,33.323004],[101.663716,33.383991],[101.769042,33.45592],[101.777665,33.533776],[101.622448,33.502343],[101.58426,33.674339],[101.501724,33.702723],[101.385312,33.644949],[101.166653,33.659894],[101.153718,33.8445],[100.994806,33.891707],[100.764445,34.178857],[100.821727,34.317371],[100.951074,34.38358],[101.054552,34.322808],[101.193754,34.336646],[101.736397,34.080275],[101.851578,34.153108],[101.955055,34.109514],[102.067772,34.293642],[102.149692,34.271885],[102.186649,34.352952],[102.259329,34.355917],[102.155852,34.507456],[101.934729,34.58731],[101.916867,34.873561],[102.068388,34.887798],[102.094874,34.986901],[102.404075,35.179366],[102.280887,35.303028],[102.293822,35.424063],[102.447807,35.437229],[102.503241,35.585322],[102.743458,35.494745],[102.808747,35.560496],[102.686175,35.771996],[102.787189,35.862745],[102.94487,35.829757],[102.968276,36.044414],[102.882044,36.082632],[103.066826,36.216974],[102.829689,36.365544]]]]}},{"type":"Feature","properties":{"name":"宁夏回族自治区","adcode":640000,"center":[106.278179,38.46637],"centroid":[106.169866,37.291332],"level":"province"},"geometry":{"type":"MultiPolygon","coordinates":[[[[107.268764,37.099367],[107.334669,37.138975],[107.257677,37.337179],[107.369162,37.58752],[107.311264,37.609806],[107.659269,37.844112],[107.411662,37.948009],[107.440611,37.995659],[107.19054,38.153953],[106.942316,38.132302],[106.482209,38.319417],[106.647897,38.470917],[106.709491,38.718821],[106.954019,38.941202],[106.96757,39.054688],[106.859164,39.107648],[106.751375,39.381564],[106.602318,39.37555],[106.511774,39.272311],[106.280181,39.262118],[106.285109,39.146181],[106.145907,39.153142],[105.97098,38.909077],[105.992538,38.857366],[105.852719,38.641735],[105.821307,38.366824],[105.86627,38.296406],[105.76772,38.121474],[105.840401,38.004147],[105.760944,37.799674],[105.622358,37.777919],[105.598952,37.699356],[105.315004,37.702197],[105.027977,37.580881],[104.433595,37.515402],[104.287002,37.428007],[104.679971,37.408044],[104.713848,37.329566],[104.624536,37.298627],[104.638087,37.201923],[104.776673,37.246718],[104.95468,37.040156],[105.165331,36.99476],[105.178882,36.892403],[105.334714,36.80093],[105.201056,36.700711],[105.252179,36.553263],[105.362432,36.496514],[105.515185,36.147415],[105.343954,36.033767],[105.38091,35.792873],[105.428953,35.819082],[105.481924,35.727312],[105.759097,35.724883],[105.690727,35.698643],[105.847176,35.490359],[105.900147,35.54735],[106.078769,35.509848],[106.113262,35.361616],[106.173008,35.437716],[106.237681,35.409431],[106.363333,35.238532],[106.501304,35.364056],[106.434782,35.688436],[106.620796,35.743829],[106.750759,35.689408],[106.927534,35.810346],[106.849925,35.887476],[106.940468,35.931101],[106.930613,36.138716],[106.685469,36.273445],[106.504383,36.266207],[106.523477,36.468605],[106.363949,36.577296],[106.444637,36.557109],[106.514238,36.715584],[106.644817,36.72278],[106.657752,36.820575],[106.540108,36.984244],[106.64297,36.962729],[106.605397,37.127524],[107.181916,37.143269],[107.268764,37.099367]]]]}},{"type":"Feature","properties":{"name":"新疆维吾尔自治区","adcode":650000,"center":[87.617733,43.792818],"centroid":[85.294711,41.371801],"level":"province"},"geometry":{"type":"MultiPolygon","coordinates":[[[[96.386348,42.727592],[96.363558,42.900562],[95.880046,43.28035],[95.527113,44.007466],[95.326932,44.028554],[95.41378,44.298589],[94.998637,44.253169],[94.722696,44.34055],[94.606283,44.448311],[94.359292,44.515775],[94.215162,44.667921],[93.509296,44.968055],[92.884117,45.046756],[92.240461,45.015881],[92.056911,45.086911],[91.561695,45.075501],[91.448978,45.156586],[91.37753,45.11099],[91.129922,45.21606],[90.881698,45.192025],[90.772677,45.432338],[90.671047,45.487747],[90.676591,45.582488],[90.714779,45.728895],[91.028292,46.023054],[90.900177,46.31235],[91.079415,46.558989],[91.017821,46.58244],[91.054161,46.717598],[90.901408,46.960768],[90.767134,46.992617],[90.56141,47.206903],[90.384635,47.644179],[90.13518,47.723147],[90.066195,47.883534],[89.761921,47.835751],[89.569132,48.037825],[89.078228,47.98698],[88.939026,48.115396],[88.638447,48.183674],[88.575006,48.277757],[88.605803,48.337863],[88.523267,48.403461],[87.973233,48.575997],[88.090877,48.71992],[87.742256,48.881146],[87.911639,48.979833],[87.821096,49.173883],[87.517438,49.145704],[87.43675,49.075188],[87.112766,49.15549],[86.887948,49.132001],[86.732115,48.994757],[86.821426,48.850439],[86.754289,48.78463],[86.780774,48.731369],[86.579978,48.538763],[86.225813,48.432456],[85.791576,48.418954],[85.587084,48.191654],[85.531649,48.046227],[85.701033,47.28856],[85.545816,47.057891],[85.276651,47.068898],[84.95513,46.861013],[84.748175,47.009759],[83.932671,46.970161],[83.576042,47.059114],[83.370318,47.178436],[83.02724,47.21544],[82.461808,45.97982],[82.342932,45.935303],[82.266555,45.620172],[82.281954,45.53891],[82.546808,45.426038],[82.60101,45.346178],[82.562822,45.204676],[81.921013,45.233342],[81.78797,45.3836],[80.897938,45.127459],[80.731634,45.156164],[80.493882,45.127037],[80.358375,45.040836],[80.111999,45.052675],[79.887798,44.90917],[79.999283,44.793768],[80.169898,44.84471],[80.200695,44.756808],[80.400259,44.628751],[80.350368,44.484615],[80.3941,44.127009],[80.522215,43.816473],[80.75504,43.494329],[80.686055,43.333916],[80.777214,43.308227],[80.804315,43.178314],[80.378701,43.031502],[80.602903,42.894424],[80.262289,42.828623],[80.163738,42.629919],[80.265368,42.502097],[80.206238,42.431462],[80.29247,42.259842],[80.168666,42.200462],[80.193303,42.081535],[80.14218,42.03488],[79.923522,42.042436],[79.776313,41.89248],[79.326061,41.809565],[78.696571,41.54181],[78.650375,41.467411],[78.163783,41.383497],[78.129291,41.228398],[77.836104,41.153189],[77.780669,41.022832],[77.169041,41.009285],[77.002122,41.073381],[76.885709,41.027347],[76.761905,40.954167],[76.731724,40.818887],[76.646725,40.759983],[76.657196,40.620218],[76.539551,40.464226],[76.333212,40.343459],[76.279625,40.439179],[75.986438,40.381763],[75.921764,40.291439],[75.831221,40.327492],[75.709265,40.280939],[75.669845,40.363982],[75.733287,40.474242],[75.646439,40.516567],[75.599628,40.659727],[75.242383,40.448743],[74.844486,40.521117],[74.795211,40.443278],[74.908544,40.338897],[74.700357,40.346195],[74.356662,40.089371],[74.023439,40.085251],[73.845433,39.831115],[73.953838,39.600018],[73.868223,39.482794],[73.61076,39.465702],[73.502355,39.383877],[73.743187,39.029588],[73.839889,39.008199],[73.826339,38.916993],[73.742571,38.933754],[73.699455,38.857832],[73.799237,38.610878],[74.011736,38.52478],[74.090577,38.542102],[74.147859,38.676785],[74.421952,38.647812],[74.862965,38.484035],[74.789668,38.324581],[74.80445,38.167128],[74.92579,38.01735],[74.917167,37.845057],[75.006478,37.770823],[74.891914,37.668097],[74.940573,37.559061],[75.129666,37.459367],[75.140137,37.355258],[74.911008,37.233378],[74.816153,37.216699],[74.727458,37.282916],[74.511263,37.240048],[74.498944,37.072155],[74.84695,37.056873],[74.893762,36.939772],[75.032348,37.016745],[75.413614,36.954599],[75.458578,36.720861],[75.634121,36.771693],[75.871257,36.666636],[76.035097,36.409386],[75.991365,36.35205],[76.060967,36.225182],[75.936547,36.13485],[75.949482,36.070056],[76.097307,36.022635],[76.160133,35.82442],[76.365857,35.82442],[76.55803,35.923347],[76.593754,35.771996],[76.769297,35.653917],[77.195527,35.519103],[77.690742,35.448443],[77.816394,35.518616],[77.914944,35.465017],[78.140378,35.494745],[78.013494,35.366008],[78.01719,35.228267],[78.237696,34.882398],[78.213059,34.717771],[78.436029,34.543942],[78.708274,34.522249],[78.899831,34.354929],[79.039649,34.33467],[79.0107,34.399877],[79.161605,34.441345],[79.801566,34.478847],[79.861312,34.528166],[79.926602,34.849499],[80.034391,34.902033],[80.031311,35.034447],[80.257977,35.203331],[80.362687,35.20871],[80.267832,35.295701],[80.432904,35.449418],[80.689135,35.339162],[80.963844,35.310842],[81.09935,35.40748],[81.219458,35.319144],[81.363588,35.354783],[81.513261,35.23511],[81.68634,35.235599],[82.030034,35.321585],[82.034346,35.451855],[82.328149,35.559523],[82.336156,35.651486],[82.468583,35.717595],[82.731589,35.637868],[82.795031,35.688436],[82.967494,35.667532],[82.998907,35.484512],[83.127022,35.398699],[83.622238,35.335256],[84.005968,35.422599],[84.160569,35.359663],[84.45314,35.473303],[84.448828,35.550272],[85.053065,35.752086],[85.271107,35.788989],[85.373969,35.700101],[85.612953,35.651486],[85.691178,35.751114],[86.05335,35.842857],[86.199944,36.047801],[86.187625,36.130983],[86.746282,36.291777],[87.149106,36.297565],[87.363453,36.420463],[87.570409,36.342409],[88.470912,36.48208],[88.766563,36.292259],[88.926091,36.36458],[89.766848,36.073925],[89.941159,36.067637],[90.043405,36.276822],[90.23681,36.160462],[90.659344,36.13485],[90.850285,36.016827],[90.979017,36.106811],[91.124994,36.115514],[91.026444,36.323607],[91.035683,36.529703],[90.741264,36.585947],[90.732025,36.825844],[91.181045,37.025345],[91.303617,37.012444],[91.280211,37.163779],[91.1909,37.205737],[91.073256,37.475992],[90.958075,37.477891],[90.777605,37.648672],[90.519526,37.730601],[90.531229,38.319886],[90.280542,38.238142],[90.137644,38.340543],[90.179528,38.396848],[90.111774,38.477945],[90.427135,38.493873],[90.65996,38.674449],[91.298689,38.746365],[92.416003,39.010524],[92.339011,39.236628],[92.639589,39.514196],[92.796654,40.153897],[92.906907,40.310609],[92.928465,40.572504],[93.760599,40.664721],[93.809874,40.879548],[94.01067,41.114875],[94.534219,41.505966],[94.750413,41.538227],[94.861898,41.668451],[95.135991,41.772976],[95.299831,41.565994],[95.57146,41.796181],[96.054973,41.936124],[96.137509,42.019765],[96.077147,42.149457],[96.178161,42.21775],[96.040806,42.326688],[96.06606,42.414674],[95.978596,42.436762],[96.103632,42.604375],[96.386348,42.727592]]]]}},{"type":"Feature","properties":{"name":"台湾省","adcode":710000,"center":[121.509062,25.044332],"centroid":[120.971485,23.749452],"level":"province"},"geometry":{"type":"MultiPolygon","coordinates":[[[[120.443706,22.441432],[120.640806,22.241605],[120.701784,21.927174],[120.854537,21.883309],[121.03316,22.650914],[121.21055,22.770711],[121.430441,23.137175],[121.643556,24.097843],[121.88562,24.529784],[121.844968,24.836476],[122.012503,25.001471],[121.917033,25.138076],[121.745186,25.161912],[121.62323,25.29455],[121.444607,25.27074],[121.371926,25.159746],[121.024537,25.040517],[120.89211,24.767482],[120.68885,24.600542],[120.245989,23.840276],[120.102476,23.701162],[120.108019,23.341191],[120.018708,23.073322],[120.133272,23.000625],[120.274323,22.560307],[120.443706,22.441432]]],[[[119.646064,23.550928],[119.678093,23.600294],[119.566608,23.584937],[119.578927,23.502641],[119.646064,23.550928]]],[[[119.506246,23.625518],[119.47237,23.556962],[119.519181,23.559705],[119.506246,23.625518]]],[[[121.510513,22.086972],[121.594281,21.995443],[121.575802,22.0842],[121.510513,22.086972]]]]}},{"type":"Feature","properties":{"name":"香港特别行政区","adcode":810000,"center":[114.173355,22.320048],"centroid":[114.134357,22.377366],"level":"province"},"geometry":{"type":"MultiPolygon","coordinates":[[[[114.031778,22.503923],[113.918445,22.418199],[113.920293,22.367845],[114.026234,22.34792],[113.898119,22.308615],[113.84946,22.191188],[113.996669,22.206149],[114.069966,22.326885],[114.265835,22.200608],[114.262139,22.294773],[114.313262,22.264315],[114.283081,22.386661],[114.394566,22.361757],[114.406269,22.433688],[114.325581,22.479041],[114.220255,22.427603],[114.340979,22.50337],[114.260291,22.547595],[114.031778,22.503923]]]]}},{"type":"Feature","properties":{"name":"澳门特别行政区","adcode":820000,"center":[113.54909,22.198951],"centroid":[113.566988,22.159307],"level":"province"},"geometry":{"type":"MultiPolygon","coordinates":[[[[113.554425,22.107489],[113.6037,22.132438],[113.558736,22.212244],[113.554425,22.107489]]]]}}]}